cai,locus_tag
0.7347,b0001
0.5006,b0002
0.4870,b0003
0.5370,b0004
0.5154,b0005
0.5111,b0006
0.4703,b0007
0.7202,b0008
0.5186,b0009
0.7013,b0010
0.4363,b0011
0.5338,b0013
0.8136,b0014
0.6433,b0015
0.3481,b0016
0.4296,b0018
0.4969,b4412
0.4627,b0019
0.4626,b0020
0.4106,b0021
0.4815,b0022
0.7951,b0023
0.3417,b0024
0.4674,b0025
0.6760,b0026
0.5369,b0027
0.5930,b0028
0.5960,b0029
0.4821,b0030
0.5100,b0031
0.5721,b0032
0.6905,b0033
0.4167,b0034
0.3986,b0035
0.5548,b0036
0.5066,b0037
0.6045,b0038
0.6211,b0039
0.5421,b0040
0.5490,b0041
0.6127,b0042
0.5329,b0043
0.5538,b0044
0.4470,b0045
0.5169,b0046
0.4848,b0047
0.5552,b0048
0.5419,b0049
0.4586,b0050
0.5312,b0051
0.4478,b0052
0.6539,b0053
0.6023,b0054
0.5464,b0055
1.0000,b4659
0.4941,b0058
0.6653,b0059
0.5142,b0060
0.5703,b0061
0.6371,b0062
0.5788,b0063
0.4354,b0064
0.4885,b0065
0.4291,b0066
0.4775,b0067
0.5481,b0068
0.4960,b0069
0.4292,b4662
0.4143,b0070
0.5988,b0071
0.6376,b0072
0.5845,b0073
0.5905,b0074
0.2968,b0075
0.4692,b0076
0.4673,b0077
0.4124,b0078
0.5020,b0080
0.4131,b0081
0.5211,b0082
0.4143,b0083
0.5333,b0084
0.5524,b0085
0.5643,b0086
0.5547,b0087
0.5592,b0088
0.5038,b0089
0.4882,b0090
0.5504,b0091
0.4539,b0092
0.4720,b0093
0.4880,b0094
0.6720,b0095
0.6164,b0096
0.4365,b0097
0.6862,b0098
0.4723,b0099
0.5051,b0101
0.4936,b0102
0.4439,b0103
0.6223,b0104
0.4068,b0106
0.4131,b0107
0.4587,b0108
0.4747,b0109
0.4870,b0110
0.4417,b0111
0.5971,b0112
0.4664,b0113
0.7840,b0114
0.7348,b0115
0.7615,b0116
0.4486,b0117
0.7005,b0118
0.5407,b0119
0.5940,b0120
0.5937,b0121
0.4973,b0122
0.5388,b0123
0.5973,b0124
0.6665,b0125
0.5513,b0126
0.4878,b0127
0.5090,b0128
0.4423,b0129
0.4275,b0130
0.5822,b0131
0.4100,b0132
0.5669,b0133
0.6089,b0134
0.3819,b0135
0.3855,b0136
0.4502,b0137
0.3817,b0138
0.4615,b0139
0.4393,b0140
0.6947,b0141
0.4546,b0142
0.6108,b0143
0.4607,b0144
0.6124,b0145
0.4338,b0146
0.4138,b0147
0.4392,b0148
0.5729,b0149
0.6376,b0150
0.5174,b0151
0.4795,b0152
0.4582,b0153
0.6101,b0154
0.4479,b0155
0.7765,b0156
0.4672,b0157
0.4393,b0158
0.6167,b0159
0.4418,b0160
0.6834,b0161
0.4284,b0162
0.5582,b0163
0.4354,b0164
0.6711,b0166
0.4677,b0167
0.6389,b0168
0.8437,b0169
0.8327,b0170
0.6616,b0171
0.7115,b0172
0.5003,b0173
0.4054,b0174
0.4198,b0175
0.4262,b0176
0.6418,b0177
0.7590,b0178
0.5575,b0179
0.6104,b0180
0.5842,b0181
0.4945,b0182
0.5457,b0183
0.5425,b0184
0.6895,b0185
0.4854,b0186
0.5250,b0187
0.4268,b0188
0.5083,b0189
0.4340,b4406
0.5138,b0190
0.4176,b0191
0.5026,b0192
0.4507,b0193
0.7062,b0194
0.5088,b0195
0.4951,b0196
0.6804,b0197
0.5820,b0198
0.5455,b0199
0.5484,b0200
0.6040,b0207
0.3782,b0208
0.4165,b0209
0.4391,b0210
0.5089,b0211
0.3510,b0212
0.3806,b0213
0.5457,b0214
0.4665,b0215
0.4764,b0217
0.2954,b4586
1.0000,b0218
1.0000,b4503
0.4663,b0219
0.4516,b0220
0.5688,b0221
0.6452,b0222
0.4937,b0223
0.5453,b0224
0.3866,b0225
0.4560,b0226
0.4002,b0227
0.3837,b0228
1.0000,b0229
1.0000,b0230
0.4808,b0231
0.3928,b0232
0.4218,b0233
0.4450,b0234
1.0000,b0235
1.0000,b0236
0.6847,b0237
0.6903,b0238
0.5234,b0239
0.5772,b0240
0.5667,b0241
0.5370,b0242
0.5693,b0243
1.0000,b4626
0.3899,b0245
0.5086,b0246
0.4698,b4504
0.3979,b0247
0.5579,b0248
0.4622,b0249
0.5119,b0250
0.5274,b0251
1.0000,b4627
1.0000,b4628
0.4311,b0252
0.4211,b0253
0.3734,b0254
1.0000,b4587
0.3090,b0256
1.0000,b0258
0.4787,b0259
0.4817,b0260
0.5042,b0261
0.5504,b0262
1.0000,b0263
0.4033,b0264
0.5001,b0265
1.0000,b4505
1.0000,b0266
0.4975,b0267
0.5560,b0268
0.5518,b0269
0.5647,b0270
0.5824,b0271
0.5064,b0272
0.5656,b0273
1.0000,b4688
0.4033,b0274
0.5001,b0275
1.0000,b0276
0.4436,b0277
0.3383,b0278
0.3540,b0279
0.3935,b0280
0.3932,b0281
1.0000,b4694
1.0000,b4695
0.3999,b0283
0.4819,b0284
0.4524,b0285
0.4331,b0286
0.3902,b0287
0.3672,b0288
0.4188,b0289
0.4843,b0290
0.4573,b0291
0.4311,b0292
0.6020,b0293
0.3663,b0294
0.3065,b0295
0.4634,b4506
0.4455,b0296
0.5146,b4671
1.0000,b4630
1.0000,b0297
0.5140,b0298
0.4471,b0299
1.0000,b0300
1.0000,b4631
0.4278,b0301
0.3849,b0303
0.4076,b0304
0.3628,b0305
0.4456,b0306
0.4623,b0307
0.4640,b0308
0.3984,b0310
0.5758,b0311
0.6123,b0312
0.4870,b0313
0.5055,b0314
0.4716,b0315
0.4891,b0316
0.4017,b0317
0.4303,b0318
0.4092,b0319
0.5331,b0320
0.5835,b0321
0.5249,b0323
0.5752,b0324
0.5158,b0325
0.3828,b0326
0.2576,b0327
0.3813,b0328
0.5096,b0329
0.4698,b0330
0.5637,b0331
0.5852,b0333
0.5851,b0334
0.5039,b0335
0.4736,b0336
0.5073,b0337
0.3629,b0338
0.4823,b0339
0.5293,b0340
0.4595,b0341
0.4250,b0342
0.5267,b0343
0.5439,b0344
0.4760,b0345
0.4480,b0346
0.5654,b0347
0.4465,b0348
0.5908,b0349
0.4895,b0350
0.5362,b0351
0.5494,b0352
0.3925,b0353
0.4639,b0354
0.4929,b0355
0.6346,b0356
0.4237,b0357
0.5021,b0358
1.0000,b4579
0.3608,b0360
0.3670,b0361
0.4540,b0363
0.4319,b0364
0.5620,b0365
0.4995,b0366
0.4345,b0367
0.4716,b0368
0.5820,b0369
1.0000,b4580
0.4471,b0372
0.5140,b0373
0.3913,b0375
0.4991,b0376
0.5295,b0377
0.4791,b0378
0.4171,b0379
0.4777,b0380
0.5300,b0381
0.4155,b0382
0.5130,b0383
0.4615,b0384
0.4280,b0385
0.5566,b0386
0.4760,b0387
0.4146,b0388
0.4315,b0389
0.4436,b0390
0.5616,b0391
1.0000,b0392
0.6010,b0393
0.4582,b0394
0.3885,b0396
0.4856,b0397
0.4954,b0398
0.4582,b0399
0.4608,b0400
0.6061,b0401
0.5777,b0402
0.4874,b0403
0.4808,b0404
0.5564,b0405
0.5999,b0406
0.7037,b0407
0.6274,b0408
0.5950,b0409
0.6001,b0410
0.7629,b0411
0.3910,b0412
0.5635,b0413
0.4564,b0414
0.7158,b0415
0.6199,b0416
0.4858,b0417
0.4965,b0418
0.4683,b0419
0.5678,b0420
0.4861,b0421
0.5486,b0422
0.6297,b0423
0.5847,b0424
0.4766,b0425
0.6457,b0426
0.4898,b0427
0.5291,b0428
0.6054,b0429
0.6621,b0430
0.6528,b0431
0.5816,b0432
0.4337,b0433
0.6975,b0434
0.4294,b0435
0.8176,b0436
0.5657,b0437
0.6619,b0438
0.6298,b0439
0.6914,b0440
0.6685,b0441
0.4979,b0442
0.4603,b0443
0.5227,b0444
0.4256,b0445
0.4368,b0446
0.5730,b0447
0.5054,b0448
0.4811,b0449
0.5423,b0450
0.5048,b0451
0.5285,b0452
0.5338,b0453
0.4151,b0454
0.5165,b0456
0.4328,b0457
0.5755,b0458
0.4518,b0459
0.5148,b0460
0.4320,b0461
0.6129,b0462
0.5738,b0463
0.4214,b0464
0.5474,b0465
0.5116,b0466
0.4646,b0467
0.4626,b0468
0.6889,b0469
0.5147,b0470
0.7579,b0471
0.5420,b0472
0.7340,b0473
0.7622,b0474
0.5100,b0475
0.4539,b0476
0.5565,b0477
0.4841,b0478
0.4477,b0479
0.5619,b0480
0.5132,b0481
0.4312,b0482
0.4344,b0483
0.5451,b0484
0.4867,b0485
0.4455,b0486
0.5377,b0487
0.4091,b0488
0.5769,b0489
0.4340,b0490
0.4006,b0491
0.5798,b0492
0.4739,b0493
0.4814,b0494
0.4306,b0495
0.4563,b0496
0.4267,b0497
0.3456,b0498
1.0000,b0499
1.0000,b0501
1.0000,b4632
1.0000,b0502
0.5220,b0503
0.4093,b0504
0.5187,b0505
0.4023,b0506
0.6157,b0507
0.5228,b0508
0.5757,b0509
0.4837,b0511
0.7286,b0512
0.4252,b0513
0.4787,b0514
0.5788,b0515
0.4967,b0516
0.4519,b0517
0.4531,b0518
1.0000,b4572
0.4032,b0520
0.4406,b0521
0.5714,b0522
0.6230,b0523
0.4944,b0524
0.7953,b0525
0.6397,b0526
0.3914,b0527
0.6264,b0528
0.5654,b0529
0.4407,b0530
0.3794,b0531
0.4231,b0532
0.4447,b0533
0.3627,b0534
0.3725,b0535
0.3603,b0537
1.0000,b4633
1.0000,b0539
1.0000,b4508
1.0000,b0542
0.5140,b0540
0.4471,b0541
0.3390,b0543
0.3018,b0544
0.3921,b0545
0.2992,b0546
0.3484,b4588
0.5534,b0547
0.3134,b0548
0.4865,b0549
0.5453,b0550
0.3675,b4509
0.4620,b0551
1.0000,b0553
0.4787,b0552
0.4392,b0554
0.4479,b0555
0.4715,b0556
0.3307,b4510
0.4760,b0557
0.3361,b0558
0.4938,b0559
0.3155,b4589
0.4584,b0560
1.0000,b4634
1.0000,b0561
1.0000,b0562
1.0000,b0563
0.2999,b0564
0.4160,b0565
0.4214,b0566
0.4907,b0567
0.4816,b0568
0.5106,b0569
0.4481,b0570
0.4654,b0571
0.4506,b0572
0.6465,b0573
0.5274,b0574
0.4968,b0575
0.5556,b0576
0.5030,b0577
0.6337,b0578
0.4356,b0579
0.4819,b0580
0.5025,b0581
0.3632,b4415
0.3481,b0582
0.4254,b0583
0.5980,b0584
0.4219,b0585
0.4871,b4511
0.4912,b0586
0.4680,b0587
0.4631,b0588
0.4495,b0589
0.4098,b0590
0.4268,b0591
0.4487,b0592
0.5064,b0593
0.5175,b0594
0.5859,b0595
0.5063,b0596
0.4576,b0597
0.5606,b0598
0.5167,b4512
0.4973,b0599
0.4819,b0600
0.4847,b0601
0.4504,b0602
0.3535,b0603
0.4415,b0604
0.8706,b0605
0.6760,b0606
0.5024,b0607
0.4539,b0608
0.5316,b0610
0.4929,b0611
0.5464,b0612
0.4232,b0613
0.4006,b0614
0.6629,b0615
0.6417,b0616
0.5287,b0617
0.5265,b0618
0.4358,b0619
0.4051,b0620
0.5223,b0621
0.5382,b0622
0.6964,b0623
0.3554,b0624
1.0000,b4581
0.4864,b0627
0.6245,b0628
0.4190,b0629
0.4455,b0630
0.6166,b0631
0.6418,b0632
0.4653,b0633
0.4900,b0634
0.5836,b0635
0.4487,b0636
0.6303,b0637
0.4350,b0638
0.4731,b0639
0.4199,b0640
0.5350,b0641
0.7172,b0642
0.4857,b0643
0.4830,b0644
0.4046,b0645
0.4202,b0646
0.4022,b0647
0.3952,b0648
0.4204,b0649
0.4525,b0650
0.5555,b0651
0.6197,b0652
0.4774,b0653
0.5191,b0654
0.6481,b0655
0.4787,b0656
0.5406,b0657
0.6170,b0658
0.5485,b0659
0.6447,b0660
0.6315,b0661
0.4715,b0662
0.6337,b0674
0.5843,b0675
0.5630,b0676
0.5852,b0677
0.6687,b0678
0.6540,b0679
0.7120,b0680
0.6442,b0681
0.5189,b0682
0.6261,b0683
0.3520,b4637
0.7186,b0684
0.5094,b0685
0.5612,b0686
0.5199,b0687
0.6788,b0688
0.3461,b0689
1.0000,b0691
1.0000,b4636
0.5374,b0692
0.5611,b0693
0.3172,b4590
0.4639,b0694
0.4474,b0695
0.4707,b0696
0.5551,b0697
0.4991,b0698
0.4270,b4513
0.5707,b0699
0.4732,b0700
0.2495,b0702
1.0000,b0703
0.3446,b0704
1.0000,b4514
1.0000,b0705
0.4279,b0706
0.4544,b0707
0.4454,b0708
0.5501,b0709
0.5146,b0710
0.4564,b0711
0.4981,b0712
0.4854,b0713
0.4387,b0714
0.4063,b0715
0.4852,b0716
0.4189,b0717
0.5045,b0718
0.4929,b0719
0.7029,b0720
0.4674,b0721
0.5798,b0722
0.6726,b0723
0.5126,b0724
0.6595,b0726
0.7110,b0727
0.7090,b0728
0.7426,b0729
0.4513,b0730
0.4474,b0731
0.4795,b0732
0.6527,b0733
0.6852,b0734
0.4321,b4515
0.4351,b0735
0.4686,b0736
0.5281,b0737
0.4969,b0738
0.5400,b0739
0.6188,b0740
0.7937,b0741
0.5332,b0742
0.4635,b0750
0.4795,b0751
0.4375,b0752
0.5371,b0753
0.5687,b0754
0.7160,b0755
0.5519,b0756
0.5833,b0757
0.5484,b0758
0.6102,b0759
0.4412,b0760
0.4675,b0761
0.5000,b0762
0.5877,b0763
0.4434,b0764
0.4909,b0765
0.5566,b0766
0.5679,b0767
0.3602,b0768
0.4643,b0769
0.5689,b0770
0.5760,b0771
0.6063,b0772
0.5758,b0773
0.5452,b0774
0.5210,b0775
0.4816,b0776
0.4188,b0777
0.4393,b0778
0.5236,b0779
0.4316,b0780
0.5536,b0781
0.5875,b0782
0.5547,b0783
0.5705,b0784
0.6007,b0785
0.4729,b0786
0.3166,b0787
0.4947,b0788
0.4823,b0789
0.4402,b0790
0.4967,b0791
0.4752,b0792
0.5213,b0793
0.4973,b0794
0.5119,b0795
0.4838,b0796
0.6201,b0797
0.4695,b0798
0.4711,b0799
0.5114,b0800
0.5111,b0801
0.5873,b0802
0.4774,b0803
0.4871,b0804
0.5329,b0805
0.4697,b0806
0.4830,b0807
0.4946,b0808
0.6210,b0809
0.5544,b0810
0.7034,b0811
0.6885,b0812
0.3935,b0813
0.8296,b0814
0.4834,b0815
0.3363,b0816
0.4274,b0817
0.4207,b0818
0.6422,b0819
0.6362,b0820
0.4798,b0821
0.5278,b0822
0.6242,b0823
0.5147,b0824
0.5428,b0825
0.5318,b0826
0.5309,b0827
0.4700,b0828
0.4581,b0829
0.5269,b0830
0.4404,b0831
0.4552,b0832
0.4584,b0833
0.4635,b0834
0.6375,b0835
0.4178,b0836
0.4826,b0837
0.4778,b0838
0.5487,b0839
0.5131,b0840
0.4320,b0841
0.4546,b0842
0.4796,b0843
0.5225,b0844
0.4614,b0845
0.4086,b0846
0.4599,b0847
0.3882,b0848
0.5820,b0849
0.4141,b0850
0.5038,b0851
0.4783,b0852
0.5272,b0853
0.5597,b0854
0.5103,b0855
0.4738,b0856
0.4023,b0857
0.4787,b0858
0.5302,b0859
0.5928,b0860
0.5209,b0861
0.4907,b0862
0.6834,b0863
0.5925,b0864
0.4713,b0865
0.5179,b0866
0.4908,b0867
0.5452,b0868
0.4685,b0869
0.5123,b0870
0.5188,b0871
0.5631,b0872
0.6437,b0873
0.4240,b0874
0.5885,b0875
0.4210,b0876
0.4526,b0877
0.4818,b0878
0.4510,b0879
0.5029,b0880
0.4698,b0881
0.5681,b0882
0.6522,b0884
0.4107,b0885
0.4195,b0886
0.4348,b0887
0.6226,b0888
0.4507,b0889
0.5429,b0890
0.6118,b0891
0.5204,b0892
0.6821,b0893
0.6012,b0894
0.6323,b0895
0.4970,b0896
0.4708,b0897
0.4287,b0898
0.4847,b0899
0.4488,b0900
0.4115,b0901
0.6520,b0902
0.8531,b0903
0.5387,b0904
0.6085,b0905
0.4253,b0906
0.5747,b0907
0.5442,b0908
0.5970,b0909
0.4806,b0910
0.8388,b0911
0.4820,b0912
0.3619,b0913
0.5758,b0914
0.4682,b0915
0.4698,b0916
0.5472,b0917
0.5847,b0918
0.4068,b0919
0.4497,b0920
0.5037,b0921
0.5542,b0922
0.5291,b0923
0.6033,b0924
0.4647,b0925
0.4425,b0926
0.5358,b0927
0.6438,b0928
0.7821,b0929
0.6588,b0930
0.5357,b0931
0.6107,b0932
0.3923,b0933
0.4238,b0934
0.4486,b0935
0.4999,b0936
0.4778,b0937
0.4796,b0938
0.3846,b0939
0.4372,b0940
0.3783,b0941
0.4189,b0942
0.3726,b0943
0.3639,b0944
0.4997,b0945
0.5215,b0946
0.4707,b0947
0.5921,b0948
0.5588,b0949
0.4230,b0950
0.5021,b0951
0.4820,b0952
0.3212,b0953
0.6832,b0954
0.4932,b0955
0.4940,b0956
0.8536,b0957
0.3995,b0958
0.3906,b0959
0.4505,b0960
0.5316,b0961
0.4814,b0962
0.5053,b0963
0.4598,b0964
0.4946,b0965
0.5257,b0966
0.5627,b0967
0.4230,b0968
0.6093,b0969
0.5930,b0970
0.5369,b0972
0.5740,b0973
0.5553,b0974
0.4377,b0975
0.4501,b0976
0.4198,b0977
0.4961,b0978
0.4623,b0979
0.3840,b4592
0.4056,b0980
0.5311,b0981
0.4682,b0982
0.5053,b0983
0.5325,b0984
0.4460,b0985
0.4125,b0986
0.5194,b0987
0.4883,b4516
0.4047,b0988
0.4073,b0989
0.6097,b0990
0.3619,b0991
0.4611,b4517
0.4071,b0992
0.4708,b0993
0.4351,b0994
0.4592,b0995
0.5711,b0996
0.5585,b0997
0.4697,b0998
0.5357,b0999
0.5830,b1000
0.3779,b1001
0.5427,b1002
0.5577,b1003
0.5940,b1004
0.5663,b4518
0.4472,b1006
0.4604,b1007
0.4652,b1008
0.4373,b1009
0.5561,b1010
0.5056,b1011
0.5159,b1012
0.4971,b1013
0.5433,b1014
0.5247,b1015
1.0000,b4490
0.5914,b1018
0.4564,b1019
0.4257,b1020
0.3728,b1021
0.4519,b1022
0.4176,b1023
0.4333,b1024
0.3746,b1025
0.4471,b1026
0.5140,b1027
1.0000,b1028
0.3791,b1029
0.4546,b1033
0.4921,b1034
0.4922,b1035
0.4548,b1036
0.4774,b1037
0.4455,b1038
0.3769,b1039
0.4196,b1040
0.4077,b1041
0.7053,b1042
0.3099,b1043
0.4689,b1044
0.4379,b1045
0.3886,b1046
0.4195,b1047
0.5761,b1048
0.5347,b1049
0.4952,b1050
0.4984,b1051
0.3791,b1053
0.5289,b1054
0.5168,b1055
0.5914,b1056
0.4665,b1057
0.3245,b1058
0.4993,b1059
0.4644,b1060
0.4696,b1061
0.5236,b1062
0.5202,b1063
0.5087,b1064
0.4882,b1065
0.4910,b1066
0.5035,b1067
0.4616,b1068
0.4725,b1069
0.4445,b1070
0.5185,b1071
0.3646,b1072
0.4898,b1073
0.5167,b1074
0.5125,b1075
0.5580,b1076
0.4618,b1077
0.5269,b1078
0.5174,b1079
0.4423,b1080
0.5121,b1081
0.5223,b1082
0.5172,b1083
0.6435,b1084
0.4507,b1085
0.5122,b1086
0.4448,b1087
0.5254,b1088
0.7388,b1089
0.3607,b1090
0.5676,b1091
0.6145,b1092
0.6135,b1093
0.7770,b1094
0.6323,b1095
0.3926,b1096
0.5016,b1097
0.5370,b1098
0.4362,b1099
0.5264,b1100
0.6995,b1101
0.5301,b1102
0.5448,b1103
0.3474,b1104
0.4870,b1105
0.3687,b1106
0.5235,b1107
0.4850,b1108
0.5826,b1109
0.5151,b1110
0.4677,b1111
0.4890,b1112
0.5203,b1113
0.5333,b1114
0.4693,b1115
0.4819,b1116
0.5891,b1117
0.4882,b1118
0.4848,b1119
0.4933,b1120
0.3442,b1121
0.4585,b1122
0.6385,b1123
0.5229,b1124
0.5352,b1125
0.5437,b1126
0.5546,b1127
0.5541,b1128
0.4310,b1129
0.4963,b1130
0.6651,b1131
0.4817,b1132
0.6301,b1133
0.5284,b1134
0.4422,b1135
0.7124,b1136
0.3144,b1137
0.3286,b1138
0.3438,b1139
0.3605,b1140
0.3181,b1141
0.4654,b1143
0.3873,b1144
0.3991,b1145
0.4530,b1146
0.5307,b1147
0.4096,b1148
1.0000,b4692
1.0000,b4693
0.4498,b1150
1.0000,b1151
1.0000,b1152
0.5184,b1153
0.4204,b1154
0.4856,b1155
0.5218,b1156
1.0000,b1157
0.3573,b1158
0.3365,b1159
1.0000,b4519
0.3478,b1160
0.4009,b1161
0.4105,b1162
0.4049,b1163
0.3563,b1164
0.3122,b1165
0.3379,b1166
0.3335,b1167
0.3849,b1168
0.2953,b4520
1.0000,b4491
0.6794,b1171
0.5342,b1172
0.4019,b4593
0.2509,b4594
1.0000,b4521
0.4908,b1174
0.4918,b1175
0.4661,b1176
0.4324,b1177
0.4256,b1178
0.4739,b1179
0.5055,b1180
0.5931,b1181
0.4668,b1182
0.4848,b1183
0.3978,b1184
0.5692,b1185
0.5333,b1186
0.4744,b1187
0.5403,b1188
0.5086,b1189
0.4498,b1190
0.4570,b1191
0.4814,b1192
0.4829,b1193
0.4521,b1194
0.3913,b1195
0.4228,b1196
0.5059,b1197
0.4917,b1198
0.4895,b1199
0.5092,b1200
0.4183,b1201
0.4418,b1202
0.6645,b1203
0.4833,b1204
0.4811,b1205
0.5206,b1206
0.7069,b1207
0.4122,b1208
0.5449,b1209
0.5387,b1210
0.6241,b1211
0.4722,b1212
0.4503,b1213
0.4765,b1214
0.6520,b1215
0.5207,b4419
0.5244,b4421
0.5207,b4423
0.4377,b1216
0.6174,b1217
0.4203,b1218
0.4054,b1219
0.4282,b1220
0.5538,b1221
0.4555,b1222
0.5591,b1223
0.6874,b1224
0.7080,b1225
0.5898,b1226
0.6278,b1227
0.2109,b1229
0.5301,b1232
0.4383,b1233
0.4097,b1234
0.3814,b1235
0.5724,b1236
0.7059,b1237
0.4338,b1238
1.0000,b4573
0.7649,b1241
0.4193,b1242
0.5911,b1243
0.4377,b1244
0.4884,b1245
0.4822,b1246
0.4661,b1247
0.5677,b1248
0.4437,b1249
0.3329,b4595
0.3938,b1250
0.4996,b1251
0.4708,b1252
0.4310,b1253
0.5285,b1254
0.4079,b1255
0.5068,b1256
0.4756,b1257
0.5028,b1258
0.6216,b1259
0.5133,b1260
0.5755,b1261
0.4941,b1262
0.5228,b1263
0.5327,b1264
0.7980,b1265
0.4330,b1266
0.5541,b1267
0.4008,b1268
0.6431,b1269
0.4982,b1270
0.4954,b1271
0.5099,b1272
0.4653,b1273
0.6136,b1274
0.4523,b1275
0.4653,b4522
0.4194,b4523
0.4978,b1276
0.5322,b1277
0.3832,b1278
0.4135,b1279
0.5062,b1280
0.5295,b1281
0.4807,b1282
0.5358,b1283
0.4954,b1284
0.4985,b4596
0.4307,b1285
0.4572,b4672
0.6142,b1286
0.3968,b1287
0.7320,b1288
0.3767,b1289
0.4808,b1290
0.5122,b1291
0.4871,b1292
0.4897,b1293
0.4865,b1294
0.5045,b1295
0.5000,b1296
0.5221,b1297
0.4020,b1298
0.4422,b1299
0.5517,b1300
0.5690,b1301
0.5606,b1302
0.4583,b1303
0.6277,b1304
0.4607,b1305
0.5393,b1306
0.4431,b1307
0.5259,b1308
0.4319,b1309
0.5914,b1310
0.4768,b1311
0.5151,b1312
0.5968,b1313
0.6179,b1314
0.5544,b1315
0.4827,b1316
0.4613,b1317
1.0000,b4524
0.5377,b1319
0.4937,b1320
0.4524,b1321
0.4804,b1322
0.4557,b1323
0.6860,b1324
0.4294,b1325
0.4569,b1326
1.0000,b4525
1.0000,b4673
0.5341,b1327
0.3823,b1328
0.4960,b1329
0.5143,b1330
0.4787,b1331
0.4587,b1332
0.5297,b1333
0.6097,b1334
0.4177,b1335
0.4276,b1336
0.4780,b1337
0.4833,b1338
0.4285,b1339
0.4761,b1340
0.4312,b1341
0.4409,b1342
0.4502,b1343
0.5755,b1344
0.3272,b1345
0.4647,b1346
0.4132,b1347
0.3160,b1348
0.5153,b1349
0.5280,b1350
0.5416,b1351
0.5100,b4526
0.4184,b1352
0.3712,b1353
0.5041,b4527
0.6199,b1355
0.3984,b1356
0.3618,b1357
0.5045,b1358
0.3508,b1359
0.4646,b1360
1.0000,b1361
1.0000,b1362
0.3882,b4528
0.3284,b1363
0.4898,b1365
1.0000,b1366
1.0000,b1368
1.0000,b4570
0.5094,b1370
0.4500,b1372
0.4890,b1373
0.3541,b1374
0.3087,b1375
1.0000,b4638
0.4891,b1376
0.6529,b1377
0.5485,b1378
0.3838,b4529
0.5672,b1379
0.6488,b1380
0.4470,b1381
0.5549,b1382
0.3778,b1383
0.4215,b1384
0.4346,b1385
0.5769,b1386
0.4793,b1387
0.5118,b1388
0.5310,b1389
0.5097,b1390
0.4719,b1391
0.4923,b1392
0.4177,b1393
0.4380,b1394
0.4411,b1395
0.5200,b1396
0.4437,b1397
0.4793,b1398
0.4438,b1399
0.4849,b1400
0.3713,b4674
1.0000,b4492
0.3670,b1402
0.3608,b1403
0.3045,b1404
0.4597,b1406
0.3906,b1407
0.3519,b1408
0.3432,b1409
0.4041,b1410
0.3750,b1411
0.6461,b1412
0.5483,b1413
0.4665,b1414
0.5102,b1415
1.0000,b4493
0.4208,b1418
0.4002,b1419
0.3601,b4428
0.4534,b1420
0.4312,b1421
0.3949,b1422
0.4481,b1423
0.5549,b1424
0.4242,b1426
0.4924,b1427
0.4243,b1428
0.4262,b1429
0.5270,b1430
0.5883,b1431
1.0000,b4578
0.4418,b1432
0.3985,b1433
0.4061,b1434
0.5297,b1435
0.4092,b1436
0.3703,b4532
0.4095,b1438
0.4350,b1439
0.5648,b1440
0.4675,b1441
0.4799,b1442
0.4289,b1443
0.5176,b1444
0.3916,b4598
0.4990,b1445
0.5296,b1446
0.3848,b1447
0.4525,b1448
0.4560,b1449
0.3959,b1450
0.4741,b1451
0.5782,b1452
0.5054,b1453
0.4008,b1454
0.4076,b1455
1.0000,b1456
0.3476,b1457
1.0000,b1459
0.3773,b1460
0.5305,b1461
0.4349,b1462
0.4327,b1463
0.5076,b1464
0.4427,b1465
0.4934,b1466
0.5970,b1467
0.5677,b1468
0.4301,b1469
0.3877,b1470
1.0000,b1471
1.0000,b1472
0.3846,b1473
0.6444,b1474
0.5975,b1475
0.5767,b1476
0.3859,b1477
0.5659,b1478
0.5836,b1479
0.5074,b1480
0.4919,b1481
0.4935,b1482
0.4077,b1483
0.4494,b1484
0.4217,b1485
0.4201,b1486
0.5173,b1487
0.5010,b1488
0.5049,b1489
0.4441,b1490
0.4507,b1491
0.5126,b1492
0.6668,b1493
0.4696,b1494
0.5208,b1495
0.4227,b1496
0.4904,b1497
0.4879,b1498
0.4338,b1499
0.3704,b1500
0.4571,b1501
0.3669,b1502
0.4146,b1503
0.3819,b1504
1.0000,b1505
1.0000,b1506
0.3809,b1507
0.4473,b1508
1.0000,b4696
0.4353,b1511
0.4297,b1512
0.4577,b1513
0.4422,b1514
0.4102,b1515
0.4883,b1516
0.4996,b1517
0.6096,b1518
0.4737,b1519
0.4411,b1520
0.6444,b1521
0.4525,b1522
0.5747,b1523
0.4607,b1524
0.5212,b1525
0.4715,b1526
0.3620,b1527
0.4160,b1528
0.4614,b1529
0.5041,b1530
0.4844,b1531
0.4329,b1532
0.4070,b1533
0.4520,b1534
0.5132,b4599
0.4124,b1535
0.4808,b1536
0.4608,b1537
0.4907,b1538
0.5611,b1539
0.5659,b1540
0.7078,b1541
0.4640,b1542
1.0000,b4600
0.3176,b1544
0.3553,b1545
0.4890,b1546
0.4588,b1547
1.0000,b1548
0.3463,b4533
0.3494,b1549
0.4596,b1550
0.3669,b1551
0.5657,b1552
0.3998,b1553
0.3760,b4689
0.5100,b1554
0.4680,b1555
0.4332,b1556
0.5285,b1557
0.4241,b1558
0.4025,b1559
0.4466,b1560
0.3769,b1561
0.3511,b1562
0.3815,b1563
0.4620,b1564
0.3453,b1565
0.4222,b1566
1.0000,b1567
1.0000,b1568
0.3713,b1569
0.3338,b1570
0.6064,b1571
0.5809,b1572
0.5159,b1573
0.3913,b1575
0.4709,b1576
1.0000,b1577
1.0000,b1578
1.0000,b1579
0.5006,b1580
0.5497,b1581
0.3946,b1582
0.5399,b1583
0.5248,b1584
0.4464,b1585
0.4160,b1586
0.5219,b1587
0.4960,b1588
0.5650,b1589
0.4268,b1590
0.5086,b1591
0.3878,b1592
0.4684,b1593
0.4782,b1594
0.4479,b1595
0.4246,b1596
0.6066,b1597
0.5105,b4601
0.4204,b1598
0.4407,b1599
0.4479,b1600
0.4028,b1601
0.5885,b1602
0.5261,b1603
0.6566,b1604
0.5441,b1605
0.4942,b1606
0.4316,b1607
0.4567,b1608
0.4623,b1609
0.4541,b1610
0.5084,b1611
0.5629,b1612
0.5455,b1613
0.5514,b1614
0.3925,b1615
0.4744,b1616
0.5721,b1617
0.4444,b1618
0.5197,b1619
0.4001,b1620
0.5554,b1621
0.5147,b1622
0.5277,b1623
0.4667,b1624
0.3948,b4409
0.5296,b1625
0.3905,b1626
0.4650,b1627
0.5343,b1628
0.5417,b1629
0.4606,b1630
0.4818,b1631
0.4992,b1632
0.5066,b1633
0.6939,b1634
0.5243,b1635
0.5589,b1636
0.6590,b1637
0.5457,b1638
0.4954,b1639
0.4392,b1640
0.6393,b1641
0.4578,b1642
0.4137,b1643
0.4752,b1644
0.4184,b1645
0.5124,b1646
0.5373,b1647
0.3947,b1648
0.5148,b1649
0.5772,b1650
0.6853,b1651
0.5656,b1652
0.4102,b1653
0.7563,b1654
0.5343,b1655
0.6987,b1656
0.4415,b1657
0.4196,b4602
0.6108,b1658
0.4335,b1659
0.4984,b1660
0.5173,b1661
0.4906,b1662
0.5151,b1663
0.4376,b1664
0.4465,b1667
0.4196,b1668
0.4176,b1669
0.3912,b1670
0.4798,b1671
0.4743,b1672
0.5213,b1673
0.4649,b1674
0.4625,b1675
0.7982,b1676
0.8987,b1677
0.3943,b1678
0.4787,b1679
0.4787,b1680
0.5016,b1681
0.4623,b1682
0.5343,b1683
0.4952,b1684
0.4714,b1685
0.4118,b1686
0.4836,b1687
0.4786,b1688
0.4734,b1689
0.4279,b1690
0.4681,b1691
0.4545,b1692
0.5706,b1693
0.4830,b1694
0.6013,b1695
0.4234,b1696
0.5060,b1697
0.5484,b1698
0.5125,b1699
0.5298,b1700
0.4560,b1701
0.6245,b1702
0.4825,b1703
0.4969,b1704
0.4616,b1705
0.4370,b1706
0.3529,b1707
0.4358,b1708
0.4079,b1709
0.5139,b1710
0.3896,b1711
0.4344,b1712
0.6581,b1713
0.6699,b1714
0.6836,b1715
0.7880,b1716
0.8010,b1717
0.5324,b1718
0.6317,b1719
1.0000,b4494
0.5112,b4535
0.5042,b1722
0.4736,b1723
0.3916,b1724
0.4803,b1725
0.4401,b1726
0.4452,b1727
0.4350,b1728
0.5950,b1729
0.3217,b1730
0.4974,b1731
0.5501,b1732
0.4388,b1733
0.5385,b1734
0.4618,b1735
0.5328,b1736
0.5005,b1737
0.5188,b1738
0.6025,b1739
0.5260,b1740
0.3948,b1741
0.4670,b1742
0.7623,b1743
0.4294,b1744
0.4668,b1745
0.4584,b1746
0.4957,b1747
0.5372,b1748
0.5815,b1749
0.3881,b1750
0.5445,b1751
0.4430,b1752
0.4755,b1753
0.4557,b1754
0.4171,b1755
0.3934,b1756
0.5674,b1757
0.3888,b1758
0.4372,b1759
0.4428,b1760
0.5980,b1761
0.3974,b1762
0.4997,b1763
0.5675,b1764
0.5415,b1765
0.5773,b1766
0.5161,b1767
0.4967,b1768
0.3622,b1769
0.4269,b1770
0.4489,b1771
0.4379,b1772
0.5403,b1773
0.5158,b1774
0.3905,b1775
0.5459,b1776
0.5429,b1777
0.5203,b1778
0.8868,b1779
0.5809,b1780
0.4153,b1781
0.7014,b1782
0.5196,b1783
0.5454,b1784
0.4231,b1785
0.4547,b1786
0.4554,b1787
0.4141,b1788
0.4148,b1789
0.3620,b1790
0.3802,b1791
0.5328,b1792
0.5015,b1793
0.4419,b1794
0.4465,b4676
0.4587,b4675
0.4316,b1795
0.5661,b1796
0.4573,b1797
0.4580,b1798
0.4352,b1799
0.5051,b1800
0.5224,b1801
0.6075,b1802
0.4278,b1803
0.5072,b1804
0.5327,b1805
0.4892,b1806
0.5240,b1807
0.4702,b1808
0.6283,b1809
0.4371,b1810
0.5145,b1811
0.5134,b1812
0.4537,b1813
0.6166,b1814
0.4501,b1815
0.5359,b1816
0.5962,b1817
0.6834,b1818
0.6682,b1819
0.4387,b1820
0.4836,b1821
0.4472,b1822
0.7874,b1823
0.4734,b1824
0.4510,b1825
0.5141,b1826
0.3185,b4536
0.5088,b1827
0.4256,b1828
0.5838,b1829
0.5647,b1830
0.5578,b1831
0.4239,b1832
0.4304,b1833
0.5062,b1834
0.4711,b1835
0.4705,b1836
0.5430,b1837
0.4405,b1838
0.4555,b1839
0.4207,b1840
0.4515,b1841
0.4480,b1842
0.3968,b1843
0.5271,b1844
0.5133,b1845
0.5007,b1846
0.4608,b1847
0.5507,b1848
0.5004,b1849
0.7132,b1850
0.5347,b1851
0.6046,b1852
0.4546,b1853
0.6033,b1854
0.4861,b1855
0.5278,b1856
0.4171,b1857
0.4287,b1858
0.4508,b1859
0.5383,b1860
0.4943,b1861
0.3126,b4677
0.4025,b1862
0.5202,b1863
0.7602,b1864
0.4887,b1865
0.7338,b1866
0.4758,b1867
0.4482,b1868
0.5528,b1869
0.5732,b1870
0.5294,b1871
0.5615,b1872
0.4735,b1873
0.4169,b1874
0.4681,b1875
0.6651,b1876
0.4018,b1877
0.2959,b1878
0.4404,b1879
0.4712,b1880
0.4782,b1881
0.4787,b1882
0.4695,b1883
0.4619,b1884
0.4724,b1885
0.5099,b1886
0.4706,b1887
0.4668,b1888
0.4449,b1889
0.4857,b1890
0.4805,b1891
0.4657,b1892
0.4106,b1893
0.4815,b1894
0.4090,b1895
0.4757,b1896
0.4228,b1897
0.5044,b4460
0.5056,b1900
0.6409,b1901
0.5421,b1902
0.5522,b4537
0.5850,b4663
0.4064,b1904
0.6379,b1905
0.5154,b1906
0.4381,b1907
0.5061,b1908
0.4899,b1912
0.5083,b1913
0.4682,b1914
0.5738,b1915
0.4733,b1916
0.4935,b1917
0.4888,b1918
0.4775,b1919
0.5949,b1920
0.4527,b1921
0.4423,b1922
0.6251,b1923
0.5156,b1924
0.4330,b1925
0.5000,b1926
0.5364,b1927
0.5338,b1928
0.5782,b1929
0.5131,b1930
0.4671,b1931
0.3977,b1932
1.0000,b4495
1.0000,b1936
0.4731,b1937
0.5187,b1938
0.5640,b1939
0.4740,b1940
0.4855,b1941
0.5387,b1942
0.4608,b1943
0.4697,b1944
0.5273,b1945
0.5510,b1946
0.4439,b1947
0.4428,b1948
0.4327,b1949
0.4609,b1950
0.3882,b1951
0.5185,b1952
0.6322,b1953
0.4460,b1955
0.4687,b1956
0.4739,b1957
0.4277,b1958
0.4292,b1959
0.4657,b1960
0.5249,b1961
0.4939,b1962
0.3718,b1963
1.0000,b4496
0.5604,b1967
0.3115,b1968
0.3171,b1969
0.3715,b1970
0.4916,b1971
0.3913,b1972
0.4532,b1973
0.4197,b1974
0.4293,b1976
0.4527,b1978
1.0000,b4497
0.4211,b1981
0.4518,b1982
0.5077,b1983
0.3658,b1985
0.3836,b1987
0.3799,b1988
0.4278,b1990
0.4028,b1991
0.4341,b1992
0.4215,b1993
1.0000,b4639
0.4828,b1994
1.0000,b4640
1.0000,b4641
1.0000,b4582
0.3670,b1996
0.3608,b1997
1.0000,b1999
0.4768,b2000
0.4367,b2001
0.4859,b2002
0.6047,b2003
0.4393,b2004
0.4434,b2005
1.0000,b2006
1.0000,b4642
1.0000,b4538
0.7345,b2007
0.4645,b2008
0.5166,b2009
0.4852,b2010
0.5027,b2011
0.5624,b2012
0.4223,b2013
0.6796,b2014
0.4773,b4678
0.4423,b2015
0.4165,b2016
0.4507,b4539
0.4353,b2017
0.5697,b2018
0.6259,b2019
0.5613,b2020
0.5492,b2021
0.5988,b2022
0.6007,b2023
0.5754,b2024
0.5861,b2025
0.5565,b2026
0.4702,b2027
0.5155,b2028
0.6922,b2029
1.0000,b4571
0.4787,b2030
0.4165,b2032
0.3478,b2033
0.3418,b2034
0.3414,b2035
0.4049,b2036
0.3062,b2037
0.3646,b2038
0.4778,b2039
0.4483,b2040
0.5048,b2041
0.5489,b2042
0.4502,b2043
0.4895,b2044
0.5313,b2045
0.4876,b2046
0.5314,b2047
0.5759,b2048
0.5579,b2049
0.5261,b2050
0.4535,b2051
0.5464,b2052
0.6695,b2053
0.4043,b2054
0.5012,b2055
0.4297,b2056
0.5491,b2057
0.5495,b2058
0.5945,b2059
0.5758,b2060
0.5442,b2061
0.5493,b2062
0.4930,b2063
0.4442,b2064
0.5433,b2065
0.5394,b2066
0.4507,b2067
0.4481,b2068
0.5810,b2069
0.4509,b2070
0.4528,b2071
0.4449,b2072
0.4766,b2073
0.3677,b4667
0.2538,b4668
0.5334,b2074
0.5318,b2075
0.4848,b2076
0.4575,b2077
0.4932,b2078
0.5550,b2079
0.5196,b2080
0.6235,b2081
0.4438,b2082
1.0000,b2083
0.4086,b2085
0.4238,b2086
1.0000,b4498
0.5140,b2088
0.4471,b2089
0.4437,b2091
0.5064,b2092
0.4803,b2093
0.3992,b2094
0.4858,b2095
0.4642,b2096
0.5313,b2097
0.5503,b2098
0.5197,b2099
0.4660,b2100
0.4445,b2101
0.4396,b2102
0.4761,b2103
0.4341,b2104
0.5830,b2105
0.4579,b2106
0.5030,b2107
0.3630,b2108
0.4096,b2109
0.4160,b2110
0.5419,b2111
0.3827,b2112
0.5516,b2113
0.6956,b2114
1.0000,b4499
0.4437,b2118
0.3175,b4541
0.4894,b2119
0.4372,b2120
0.4472,b2121
1.0000,b2122
0.6421,b2123
0.5664,b2124
0.4742,b2125
0.4212,b2126
0.4401,b2127
0.4279,b4542
0.4392,b2128
0.4633,b2129
0.4635,b2130
0.4798,b2131
0.5801,b2132
0.5458,b2133
0.5359,b2134
0.5045,b2135
0.4623,b2136
0.4438,b2137
1.0000,b2139
0.3296,b4679
0.4878,b2140
0.4930,b2141
0.4689,b2142
0.5198,b2143
0.4650,b2144
0.4778,b2145
0.4611,b2146
0.5200,b2147
0.4999,b2148
0.4706,b2149
0.6883,b2150
0.5130,b2151
0.4293,b2152
0.5463,b2153
0.5343,b2154
0.5876,b2155
0.6513,b2156
0.4575,b2157
0.5732,b2158
0.5476,b2159
0.4827,b2160
0.4487,b2161
0.5354,b2162
0.3897,b2163
0.5045,b2164
0.5441,b2165
0.4309,b2166
0.6349,b2167
0.5804,b2168
0.5638,b2169
0.4827,b2170
0.4886,b4502
0.6522,b2171
0.4954,b2172
0.4389,b2173
0.4044,b2174
0.5210,b2175
0.4714,b2176
0.5094,b2177
0.5361,b2178
0.4290,b2179
0.3931,b2180
0.4560,b2181
0.4818,b2182
0.5500,b2183
0.5192,b2184
0.8415,b2185
0.5355,b2186
0.5506,b2187
0.5162,b2188
1.0000,b2190
0.4787,b2192
0.4822,b2193
0.5150,b2194
0.5276,b2195
0.5210,b2196
0.5462,b2197
0.5460,b2198
0.5287,b2199
0.4255,b2200
0.3915,b2201
0.5682,b2202
0.5701,b2203
0.4755,b2204
0.4981,b2205
0.6827,b2206
0.5560,b2207
0.4890,b2208
0.3707,b4604
0.5567,b2209
0.5368,b2210
0.4980,b2211
0.4748,b2212
0.4558,b2213
0.5697,b2214
0.8760,b2215
0.4784,b2216
0.5635,b2217
0.4519,b2218
0.4572,b2219
0.4550,b2220
0.4678,b2221
0.4636,b2222
0.4959,b2223
0.4569,b2224
0.4500,b2225
0.4175,b2226
1.0000,b4500
0.4418,b2229
0.4847,b2230
0.6714,b2231
0.5334,b2232
0.4751,b2233
0.6758,b2234
0.6720,b2235
0.5529,b2236
0.5420,b2237
1.0000,b2238
0.5471,b2239
0.5634,b2240
0.5592,b2241
0.4495,b2242
0.5644,b2243
0.4563,b2244
0.4939,b4543
0.4488,b2245
0.4480,b2246
0.5587,b2247
0.3882,b2248
0.5094,b2249
0.5227,b2250
0.4524,b2251
0.4946,b2252
0.4533,b2253
0.4838,b2254
0.5189,b2255
0.5017,b2256
0.4555,b2257
0.4312,b4544
0.3880,b2258
0.3998,b2259
0.4614,b2260
0.4901,b2261
0.7336,b2262
0.4442,b2263
0.4948,b2264
0.4502,b2265
0.4894,b2266
0.4493,b2267
0.4765,b2268
0.3576,b2269
0.4358,b2270
0.4037,b2271
0.3677,b2272
0.3626,b2273
0.4725,b2274
0.4035,b2275
0.5771,b2276
0.5959,b2277
0.6181,b2278
0.4907,b2279
0.5641,b2280
0.6365,b2281
0.6093,b2282
0.6634,b2283
0.6276,b2284
0.6074,b2285
0.6572,b2286
0.6219,b2287
0.5759,b2288
0.4576,b2289
0.5801,b2290
0.5025,b2291
0.4607,b2292
0.4527,b2293
0.5524,b2294
0.4404,b2295
0.7688,b2296
0.7804,b2297
0.4936,b2298
0.5190,b2299
0.4895,b2300
0.4650,b2301
0.4250,b2302
0.5577,b2303
0.4528,b2304
0.4029,b2305
0.4625,b2306
0.5056,b2307
0.4800,b2308
0.5718,b2309
0.5359,b2310
0.4681,b2311
0.6146,b2312
0.4548,b2313
0.4934,b2314
0.5128,b2315
0.6100,b2316
0.4885,b2317
0.4891,b2318
0.6024,b2319
0.4799,b2320
0.4057,b2321
0.4370,b2322
0.7468,b2323
0.4518,b2324
0.5613,b2325
0.5119,b2326
0.4294,b2327
0.4936,b2328
0.5687,b2329
0.6338,b2330
0.4805,b2331
0.4187,b2332
0.4241,b2333
0.4738,b2334
0.3949,b2335
0.5300,b2336
1.0000,b4661
0.7156,b2339
0.5256,b2340
0.4733,b2341
0.4869,b2342
0.7459,b2343
0.6178,b2344
0.4233,b2345
0.5549,b2346
0.5002,b2347
0.4450,b2349
0.4324,b2350
0.3719,b2351
0.3084,b2352
1.0000,b2353
0.5109,b2354
1.0000,b2355
1.0000,b2356
0.4292,b2357
1.0000,b2358
0.5603,b2359
0.6271,b2360
0.4847,b2361
0.4865,b2362
0.5059,b2363
1.0000,b4545
0.4345,b4501
0.4053,b2364
0.4283,b2365
0.5088,b2366
0.3242,b2367
0.4216,b2368
0.4575,b2369
0.3994,b2370
0.3719,b2371
0.4367,b2372
0.4838,b2373
0.5317,b2374
0.5470,b2375
0.3290,b2376
0.4084,b2377
0.5064,b2378
0.7080,b4680
0.5704,b2379
0.4926,b2380
0.5530,b2381
0.4660,b2382
0.5443,b2383
0.4632,b2384
0.4785,b2385
0.5768,b2386
0.6956,b2387
0.4967,b2388
0.3792,b2389
0.5750,b2390
0.4665,b2392
0.6709,b2393
0.3481,b2394
0.4232,b2395
0.4129,b2398
0.4393,b2399
0.7161,b2400
0.3808,b2405
0.4978,b2406
0.5068,b2407
0.5843,b2408
0.4330,b2409
0.5130,b2410
0.4480,b4546
0.5642,b2411
0.5698,b2412
0.4873,b2413
0.5848,b2414
0.7511,b2415
0.6492,b2416
0.7396,b2417
0.4487,b2418
0.4179,b2419
0.5270,b2420
0.4976,b2421
0.5818,b2422
0.5558,b2423
0.5110,b2424
0.6507,b2425
0.5239,b2426
0.4508,b2427
0.5190,b2428
0.5056,b2429
0.5313,b2430
0.6478,b2431
0.5429,b2432
0.4275,b2433
0.4723,b2434
0.4883,b2435
0.5313,b2436
0.4638,b2437
0.4329,b2438
0.5560,b2439
0.6047,b2440
0.5906,b2441
0.3347,b2442
0.3811,b2443
0.5267,b2444
0.4228,b2445
0.4013,b2446
0.5413,b2447
0.3907,b2448
0.5018,b2449
0.5005,b2450
0.4870,b2451
0.5875,b2452
0.5004,b2453
0.5192,b2454
0.5694,b2455
0.4710,b2456
0.6787,b2457
0.4591,b2458
0.5111,b2459
0.6279,b2460
0.4096,b2461
0.4550,b2462
0.6179,b2463
0.5236,b2464
0.5423,b2465
0.4324,b2466
0.5517,b2467
0.5269,b2468
0.4712,b2469
0.5211,b2470
0.6447,b4606
0.5524,b2471
0.4866,b2472
0.5592,b4547
0.5270,b2473
0.4070,b2474
0.5227,b2475
0.6849,b2476
0.6387,b2477
0.5288,b2478
0.4425,b2479
0.6270,b2480
0.4693,b2481
0.4261,b2482
0.4425,b2483
0.4573,b2484
0.4879,b2485
0.4476,b2486
0.5057,b2487
0.5031,b2488
0.4159,b2489
0.5105,b2490
0.4226,b2491
0.4484,b2492
0.4809,b2493
0.5003,b2494
0.4907,b2495
0.4295,b2496
0.5114,b2497
0.6771,b2498
0.5992,b2499
0.5322,b2500
0.5271,b2501
0.4831,b2502
0.4523,b2503
0.5026,b2504
0.5230,b2505
0.5152,b2506
0.7200,b2507
0.7468,b2508
0.4800,b2509
0.4845,b2510
0.5902,b2511
0.5781,b2512
0.5907,b2513
0.5932,b2514
0.5925,b2515
0.5152,b2516
0.6302,b2517
0.7685,b2518
0.4404,b2519
0.5163,b2520
0.4848,b2521
0.4960,b2522
0.5899,b2523
0.5439,b2524
0.6495,b2525
0.5972,b2526
0.5211,b2527
0.5915,b2528
0.6792,b2529
0.7140,b2530
0.5901,b2531
0.5568,b2532
0.7494,b2533
0.4972,b2534
0.4061,b2535
0.4627,b2536
0.4267,b2537
0.5529,b2538
0.5145,b2539
0.4540,b2540
0.4759,b2541
0.4586,b2542
0.4131,b2543
0.4695,b2544
0.5616,b2545
0.4559,b2546
0.4834,b2547
0.4801,b2548
0.5321,b2549
0.4738,b2550
0.7842,b2551
0.6129,b2552
0.5853,b2553
0.4983,b2554
0.4755,b2555
0.4484,b2556
0.6295,b2557
0.5082,b2558
0.4942,b2559
0.4699,b2560
0.4652,b2561
0.5220,b2562
0.4654,b4687
0.4627,b2563
0.6159,b2564
0.4682,b2565
0.6114,b2566
0.4991,b2567
0.5580,b2568
0.6349,b2569
0.4236,b2570
0.4586,b2571
0.5094,b2572
0.4238,b2573
0.4701,b2574
0.4740,b2575
0.5840,b2576
0.3834,b2577
0.4275,b2578
0.8122,b2579
0.4667,b2580
0.6232,b2581
0.5017,b2582
0.4331,b2583
0.4492,b2584
0.5302,b2585
0.3924,b2586
0.4079,b2587
0.5767,b2592
0.4749,b2593
0.5681,b2594
0.5616,b2595
0.5534,b2597
0.5108,b2598
0.4876,b2599
0.5010,b2600
0.5546,b2601
0.4070,b2602
0.3906,b2603
0.4784,b2604
0.4027,b2605
0.7476,b2606
0.4378,b2607
0.5489,b2608
0.7749,b2609
0.6086,b2610
0.4756,b2611
0.5137,b4461
0.6648,b2614
0.4801,b2615
0.5365,b2616
0.5297,b2617
0.4186,b2618
0.4238,b2619
0.5397,b2620
0.4428,b2622
0.4092,b2623
0.2796,b2624
0.3899,b2625
0.3605,b2626
0.4191,b2627
0.4120,b2628
0.3829,b2629
0.3914,b2630
0.4661,b2631
0.4166,b2632
0.4369,b2633
0.3983,b2634
0.4302,b2635
0.5171,b2636
0.4131,b2637
1.0000,b2638
1.0000,b2641
0.3313,b2642
1.0000,b4644
0.5466,b2643
0.5053,b2644
0.3977,b4548
0.5354,b2645
0.4466,b2646
0.4234,b2647
1.0000,b2648
1.0000,b2650
1.0000,b4462
0.5511,b2659
0.4670,b2660
0.5928,b2661
0.5542,b2662
0.4452,b2663
0.4330,b2664
0.5345,b2665
0.4483,b2666
0.3847,b2667
0.4195,b2668
0.6199,b2669
0.5210,b2670
0.4313,b2671
0.4919,b2672
0.5879,b2673
0.4682,b2674
0.5224,b2675
0.5065,b2676
0.4204,b2677
0.5161,b2678
0.6153,b2679
1.0000,b2681
0.4772,b2682
0.4426,b2683
0.4988,b2684
0.5768,b2685
0.4800,b2686
0.6090,b2687
0.5678,b2688
0.3610,b2689
0.4626,b2690
0.5573,b2696
0.6547,b2697
0.5346,b2698
0.7209,b2699
0.5219,b2700
0.5549,b2701
0.5222,b2702
0.5310,b2703
0.5029,b2704
0.5383,b2705
0.4008,b2706
0.4997,b2707
0.5572,b2708
0.4259,b2709
0.5897,b2710
0.4744,b2711
0.5021,b2712
0.6664,b2713
0.4592,b2714
0.5128,b2715
0.5736,b2716
0.5738,b2717
0.5265,b2718
0.5717,b2719
0.5826,b2720
0.6870,b2721
0.5933,b2722
0.5678,b2723
0.5396,b2724
0.5541,b2725
0.4750,b2726
0.6190,b2727
0.5553,b2728
0.5548,b2729
0.5427,b2730
0.5148,b2731
0.5757,b2732
0.5652,b2733
0.4195,b2734
0.4209,b2735
0.4926,b2736
0.5129,b2737
0.4457,b2738
0.4472,b2739
0.4232,b2740
0.5293,b2741
0.5086,b2742
0.4243,b2743
0.4747,b2744
0.5133,b2745
0.4754,b2746
0.4486,b2747
0.4284,b2748
0.4632,b2749
0.4374,b2750
0.5602,b2751
0.6138,b2752
0.4081,b2753
0.3393,b2754
0.3940,b2755
0.3569,b2756
0.2952,b2757
0.4876,b2758
0.3297,b2759
0.3520,b2760
0.3805,b2761
0.5527,b2762
0.5937,b2763
0.5610,b2764
0.5324,b2765
0.4689,b2766
0.4728,b2767
0.4818,b2768
0.4634,b2769
0.4360,b2770
0.4301,b2771
0.6229,b4463
0.5336,b2774
0.4913,b2775
0.5089,b2776
0.4929,b2777
0.4384,b4682
0.4170,b2778
0.8880,b2779
0.6451,b2780
0.5532,b2781
0.4350,b2782
0.4573,b2783
0.5469,b2784
0.4471,b2785
0.4925,b2786
0.5972,b2787
0.5229,b2788
0.5358,b2789
0.5078,b2790
0.4773,b2791
0.5264,b2792
0.4306,b2793
0.5355,b2794
0.5488,b2795
0.7576,b2796
0.6389,b2797
0.4413,b2798
0.5450,b2799
0.4501,b2800
0.4483,b2801
0.6154,b2802
0.4591,b2803
0.4054,b2804
0.4674,b2805
0.5583,b2806
0.5418,b2807
0.4014,b2808
0.6504,b2809
0.4970,b2810
0.4325,b2811
0.5382,b2812
0.5908,b2813
0.5045,b2817
0.5002,b2818
0.4429,b2819
0.5048,b2820
0.5205,b2821
0.5028,b2822
0.3768,b2823
0.4275,b2824
0.4947,b2825
0.3615,b2826
0.6214,b2827
0.5580,b2828
0.4617,b2829
0.4456,b2830
0.4266,b2831
0.4947,b2832
0.5202,b2833
0.5169,b2834
0.4668,b2835
0.5063,b2836
0.5125,b2837
0.5153,b2838
0.3998,b2839
0.4382,b2840
0.5293,b2841
0.5032,b2842
0.5493,b2843
0.4594,b2844
0.4201,b2845
0.3875,b2846
0.3834,b2847
0.3548,b2848
0.3817,b4683
0.3362,b2849
1.0000,b2850
0.4268,b2851
0.3390,b2852
0.4015,b2853
1.0000,b2854
1.0000,b2856
1.0000,b2858
1.0000,b2859
0.3670,b2860
0.3608,b2861
1.0000,b2863
0.4334,b2865
0.4952,b2866
0.4953,b2867
0.4199,b2868
0.4249,b2869
0.6547,b2870
0.6079,b2871
0.7221,b2872
0.4841,b2873
0.5770,b2874
0.4442,b2875
0.3977,b2876
0.3648,b2877
0.5576,b2878
0.5223,b2879
0.5211,b2880
0.5890,b2881
0.4364,b2882
0.5241,b2883
0.5099,b4464
0.4037,b2886
0.4846,b2887
0.4216,b2888
0.3691,b4684
0.4625,b2889
0.7235,b2890
0.6349,b2891
0.4901,b2892
0.5823,b2893
0.4595,b2894
0.5802,b2895
0.3991,b2896
0.5987,b2897
0.5756,b2898
0.4457,b2899
0.5915,b2900
0.6318,b2901
0.3889,b2902
0.6513,b2903
0.6904,b2904
0.5948,b2905
0.5032,b2906
0.4803,b2907
0.5947,b2908
0.5739,b2909
0.4562,b2910
0.4146,b2912
0.2522,b4665
0.5928,b2913
0.5962,b2914
1.0000,b2915
0.4657,b2916
0.5715,b2917
0.4686,b2918
0.5714,b2919
0.5096,b2920
0.4230,b2921
0.5253,b2922
0.4619,b2923
0.5460,b2924
0.8502,b2925
0.8041,b2926
0.4723,b2927
0.4362,b2928
0.4686,b2929
0.4899,b2930
0.5070,b4465
0.4902,b2933
0.3881,b2934
0.7931,b2935
0.4963,b2936
0.6814,b2937
0.6242,b2938
0.3843,b2939
0.3306,b2940
0.7409,b2942
0.5867,b2943
0.5245,b2944
0.6095,b2945
0.5048,b2946
0.6127,b2947
0.5351,b2948
0.5267,b2949
0.3679,b2950
0.5154,b2951
0.5230,b2952
0.5064,b2953
0.6237,b2954
0.5222,b2955
0.5083,b2956
0.6535,b2957
0.5818,b2958
0.6881,b2959
0.5714,b2960
0.4501,b2961
0.5746,b2962
0.5205,b2963
0.6293,b2964
0.4894,b2965
0.4439,b2966
0.3869,b2968
1.0000,b2969
1.0000,b2970
0.3534,b2971
0.3709,b2972
0.5836,b4466
0.4833,b2975
0.5818,b2976
0.5498,b2977
0.4805,b4467
0.4472,b4468
0.5004,b2979
0.4433,b2980
1.0000,b2981
0.4787,b2982
0.4375,b2983
0.4589,b2984
0.4139,b2985
0.4328,b2986
0.4824,b2987
0.5976,b2988
0.5588,b2989
0.5655,b2990
0.4792,b2991
0.5047,b2992
0.4608,b2993
0.6828,b2994
0.5689,b2995
0.5981,b2996
0.6058,b2997
0.4557,b2998
1.0000,b4658
0.4757,b3001
0.5112,b3002
0.5274,b3003
0.5586,b3005
0.5686,b3006
0.4914,b3008
0.4827,b3009
0.4467,b3010
0.6457,b3011
0.5187,b3012
0.4687,b3013
0.4372,b3014
0.6073,b4469
0.4873,b3017
0.5095,b3018
0.5979,b3019
0.4820,b3020
0.4255,b3021
0.3988,b3022
0.5122,b3023
0.6268,b3024
0.4846,b3025
0.4166,b3026
0.3086,b3027
0.6382,b3028
0.6464,b3029
0.5947,b3030
0.5144,b3031
0.5238,b3032
0.4392,b3033
0.4290,b3034
0.5714,b3035
0.6226,b3037
0.5839,b3038
0.4534,b3039
0.3805,b3040
0.6359,b3041
0.4300,b3042
0.6576,b3043
1.0000,b3046
0.3608,b3044
0.3670,b3045
0.3964,b3047
0.4053,b3048
0.4835,b3049
0.3752,b3050
0.5151,b3051
0.3018,b4664
0.3415,b4666
0.5600,b3052
0.4995,b3053
0.5513,b3054
0.5526,b3055
0.5093,b3056
0.4937,b3057
0.5218,b3058
0.4149,b3059
0.4413,b3060
0.4869,b3061
0.5963,b3062
0.4735,b3063
0.5390,b3064
0.7970,b3065
0.4366,b3066
0.7306,b3067
0.4464,b3068
0.5315,b3070
0.5676,b3071
0.4976,b3072
0.4939,b3073
0.5444,b3074
0.5235,b3075
0.6083,b3076
0.5196,b3077
0.5401,b3078
0.5574,b3079
0.5722,b3080
0.4726,b3081
0.4323,b3082
0.5205,b3083
0.5533,b3084
0.4746,b3085
0.4674,b3086
0.5323,b3087
0.5217,b3088
0.5712,b3089
0.4358,b3090
0.6091,b3091
0.7515,b3092
0.6557,b3093
0.6256,b3094
0.4293,b3095
0.4299,b3096
0.5376,b3097
0.5483,b3098
0.4494,b3099
0.4834,b3100
0.6210,b3101
0.5631,b3102
0.5392,b3103
0.4766,b3104
0.4479,b3105
0.4135,b3106
0.5120,b3107
0.4860,b4470
0.4952,b3110
0.4865,b4471
0.5631,b3113
0.6087,b3114
0.4859,b3115
0.6254,b3116
0.5561,b3117
0.4155,b3118
0.3567,b3119
0.4053,b3120
0.3628,b3121
0.5043,b3124
0.6071,b3125
0.5646,b3126
0.5438,b3127
0.5080,b3128
0.4782,b3129
0.4143,b3130
0.5043,b3131
0.5784,b3132
0.5224,b3133
1.0000,b3134
1.0000,b3135
0.5828,b3136
0.5368,b3137
0.5867,b3138
0.4883,b3139
0.4937,b3140
0.4415,b3141
0.5339,b3142
0.3876,b3143
0.4621,b3144
0.4039,b3145
0.5194,b3146
0.5505,b3147
0.4376,b3148
0.4787,b3149
0.5456,b3150
0.4655,b3151
0.4068,b3152
0.5287,b3153
0.5009,b3154
0.4298,b3155
0.5430,b3156
0.5091,b3157
0.5174,b3158
0.5460,b3159
0.4795,b3160
0.5243,b3161
0.7550,b3162
0.3654,b4685
0.4195,b3163
0.7898,b3164
0.7533,b3165
0.5878,b3166
0.6993,b3167
0.7198,b3168
0.6843,b3169
0.5766,b3170
0.6558,b3172
0.3909,b3173
0.6156,b3175
0.6061,b3176
0.5077,b3177
0.6778,b3178
0.5066,b3179
0.5290,b3180
0.6711,b3181
0.4486,b3182
0.6610,b3183
0.3985,b3184
0.8186,b3185
0.7532,b3186
0.5610,b3187
0.4315,b3188
0.6161,b3189
0.5642,b3190
0.4504,b3191
0.6489,b3192
0.5561,b3193
0.4271,b3194
0.4442,b3195
0.3958,b3196
0.5081,b3197
0.5109,b3198
0.4431,b3199
0.6286,b3200
0.5653,b3201
0.5220,b3202
0.5485,b3203
0.5352,b3204
0.5212,b3205
0.5321,b3206
0.4748,b3207
0.4459,b3208
0.5408,b3209
0.5366,b3210
0.5120,b3211
0.6145,b3212
0.6618,b3213
0.4812,b3214
0.4053,b3215
0.4324,b3216
1.0000,b4569
0.4787,b3218
0.3859,b3219
0.3828,b3220
0.4716,b3221
0.4589,b3222
0.5261,b3223
0.5545,b3224
0.5652,b3225
0.5782,b3226
0.4491,b3227
0.5416,b3228
0.6806,b3229
0.8514,b3230
0.7657,b3231
0.4389,b3232
0.6396,b3233
0.4838,b3234
0.5224,b3235
0.6964,b3236
0.5388,b3237
0.6560,b3238
0.4355,b3239
0.4662,b3240
0.5124,b3241
0.3539,b3242
0.4573,b3243
0.5811,b3244
0.5115,b4472
0.5506,b3247
0.4842,b3248
0.4457,b3249
0.5434,b3250
0.6934,b3251
0.4528,b3252
0.5307,b3253
1.0000,b4697
1.0000,b4646
0.6644,b3255
0.7015,b3256
0.5634,b3257
0.4765,b3258
0.6295,b3259
0.4588,b3260
0.6791,b3261
0.5050,b3262
0.5348,b3263
0.4348,b3264
0.5055,b3265
0.4842,b3266
0.4847,b3267
1.0000,b3268
0.4117,b3269
0.4693,b3270
0.3999,b3271
0.4740,b3279
0.4772,b3280
0.4358,b3281
0.4145,b3282
0.4621,b3283
0.4680,b3284
0.3302,b4473
0.5535,b3287
0.5184,b3288
0.4750,b3289
0.5087,b3290
0.4820,b3291
0.3094,b4550
0.4062,b3292
0.4030,b3293
0.6893,b3294
0.5945,b3295
0.6777,b3296
0.7058,b3297
0.6232,b3298
0.6270,b3299
0.5391,b3300
0.7752,b3301
0.6675,b3302
0.7269,b3303
0.7217,b3304
0.7363,b3305
0.7324,b3306
0.6781,b3307
0.7334,b3308
0.7090,b3309
0.6303,b3310
0.7988,b3311
0.6488,b3312
0.7346,b3313
0.8207,b3314
0.7203,b3315
0.6170,b3316
0.8028,b3317
0.7573,b3318
0.7920,b3319
0.7958,b3320
0.7008,b3321
0.4087,b3322
0.3729,b3323
0.3066,b3324
0.4709,b3325
0.4211,b3326
0.4079,b3327
0.4725,b3328
0.4243,b3329
0.4057,b3330
0.3989,b3331
0.4328,b3332
0.4300,b3333
0.4203,b3334
0.4098,b3335
0.5284,b3336
0.5403,b3337
0.6219,b3338
0.8645,b3339
0.8200,b3340
0.6672,b3341
0.7409,b3342
0.4156,b3343
0.4366,b3344
0.3934,b3345
0.5349,b3346
0.6914,b3347
0.5619,b3348
0.7878,b3349
0.5428,b4551
0.4424,b3350
0.4551,b3351
0.5745,b3352
0.5150,b3353
0.4609,b3354
0.5191,b3355
0.5204,b3356
0.6458,b3357
0.4439,b3358
0.5617,b3359
0.4543,b3360
0.5239,b3361
0.3455,b3362
0.6397,b3363
0.5542,b3364
0.7010,b3365
0.6371,b3366
0.5808,b3367
0.5185,b3368
0.7313,b3369
0.4984,b3370
0.6223,b3371
0.5326,b4474
0.5642,b3374
0.5044,b3375
0.4651,b3376
0.5048,b3377
0.5718,b3378
0.4992,b3379
0.5006,b3380
0.4974,b3381
0.4965,b3382
0.4294,b3383
0.6574,b3384
0.5227,b3385
0.5692,b3386
0.4966,b3387
0.5800,b3388
0.4514,b3389
0.5595,b3390
0.3995,b3391
0.3955,b3392
0.4063,b3393
0.3478,b3394
0.4342,b3395
0.5668,b3396
0.4605,b3397
0.4924,b3398
0.4966,b3399
0.5062,b3400
0.6680,b3401
0.4060,b3402
0.6937,b3403
0.4799,b3404
0.6109,b3405
0.5718,b3406
0.6138,b3407
0.5272,b3408
0.5935,b3409
0.4664,b3410
0.4440,b3411
0.4397,b3412
0.3474,b3413
0.6311,b3414
0.6454,b3415
0.5172,b3416
0.6231,b3417
0.5171,b3418
0.4251,b4475
0.5420,b3421
0.4970,b3422
0.5614,b3423
0.4796,b3424
0.6035,b3425
0.5714,b3426
1.0000,b3427
0.5830,b3428
0.4817,b3429
0.5820,b3430
0.4716,b3431
0.5690,b3432
0.5306,b3433
0.4126,b3434
0.5593,b4476
0.5700,b3437
0.5147,b3438
0.6396,b3439
0.5577,b3440
0.4156,b3441
0.3191,b3442
1.0000,b3443
0.4815,b3444
0.4106,b3445
0.3324,b4612
0.4618,b3446
0.5407,b3447
0.3906,b3448
0.5071,b3449
0.5279,b3450
0.5126,b3451
0.5293,b3452
0.5809,b3453
0.4979,b3454
0.5237,b3455
0.4984,b3456
0.5746,b3457
0.5858,b3458
0.4956,b3459
0.6329,b3460
0.6921,b3461
0.5094,b3462
0.5194,b3463
0.5955,b3464
0.4784,b3465
0.5145,b3466
0.4626,b3467
0.5109,b3468
0.5035,b3469
0.5369,b3470
0.5166,b3471
0.5656,b3472
0.4088,b3473
0.4081,b3474
0.4890,b3475
0.5782,b3476
0.5410,b3477
0.5225,b3478
0.5096,b3479
0.4861,b3480
0.5607,b3481
0.4706,b3482
0.3800,b3483
1.0000,b4552
0.3850,b3484
0.4608,b3485
0.4773,b3486
0.4974,b3487
0.3545,b3488
1.0000,b4660
0.3848,b3491
0.4873,b3492
0.5559,b3493
0.4264,b3494
0.6651,b3495
0.4821,b3496
0.4713,b3497
0.6449,b3498
0.6143,b3499
0.6375,b3500
0.4043,b4613
0.4333,b3501
0.4973,b3502
0.5643,b3503
1.0000,b3504
0.4787,b3505
0.4848,b3506
0.4326,b3507
0.4124,b3508
0.5711,b3509
0.6769,b3510
0.4319,b3511
0.4464,b3512
0.4617,b3513
0.5226,b3514
0.3772,b3515
0.3154,b3516
0.6684,b3517
0.5051,b3518
0.5631,b3519
0.3991,b3520
0.4623,b3521
0.5114,b3522
0.5020,b3523
0.4745,b3524
0.4265,b3525
0.6009,b3526
0.5134,b3527
0.5382,b3528
0.5265,b3529
0.5208,b3530
0.5153,b3531
0.5601,b3532
0.5343,b3533
1.0000,b3534
0.4476,b3535
0.4499,b3536
0.4546,b3537
0.5014,b3538
0.4913,b4453
0.4492,b3539
0.5631,b3540
0.5443,b3541
0.5802,b3542
0.5149,b3543
0.6790,b3544
0.5604,b3546
0.5497,b3547
0.4408,b3548
0.4774,b3549
0.4521,b3550
0.5179,b3551
0.6531,b3552
0.4890,b3553
0.5636,b3554
0.3853,b3555
0.8720,b3556
1.0000,b4647
0.3202,b4455
0.3600,b3557
0.3637,b3558
0.7065,b3559
0.6816,b3560
0.5097,b4553
0.4332,b3561
0.4432,b3562
0.4020,b3563
0.4484,b3564
0.5938,b3565
0.5031,b3566
0.4318,b3567
0.4538,b3568
0.4423,b3569
0.4293,b3570
0.4843,b3571
0.5227,b3572
0.4705,b3573
0.4635,b3574
0.5740,b3575
0.4460,b3576
0.3879,b3577
0.4874,b3578
0.5671,b3579
0.5242,b3580
0.5060,b3581
0.5322,b3582
0.5027,b3583
1.0000,b4648
1.0000,b4649
0.4992,b3584
0.4623,b3585
0.4828,b3586
0.4439,b3587
0.5455,b3588
0.6045,b3589
0.5268,b3590
0.4390,b3591
0.4805,b3592
0.4682,b3593
0.3548,b3594
1.0000,b3595
0.3389,b3596
1.0000,b4650
1.0000,b4651
1.0000,b4615
1.0000,b4652
0.4414,b3597
0.4840,b3598
0.6928,b3599
0.6353,b3600
0.4745,b3601
0.3744,b4554
0.6201,b3602
0.5163,b3603
0.4761,b3604
0.5577,b3605
0.4911,b3606
0.5535,b3607
0.5064,b3608
0.7112,b3609
0.6128,b3610
0.5895,b3611
0.7240,b3612
0.5374,b3613
0.5252,b3614
0.4650,b3615
0.6333,b3616
0.6088,b3617
0.3818,b3618
0.7025,b3619
0.5044,b3620
0.4197,b3621
0.2792,b3622
0.3362,b3623
0.3994,b3624
0.4305,b3625
0.3693,b3626
0.4148,b3627
0.4319,b3628
0.3392,b3629
0.3960,b3630
0.4247,b3631
0.4105,b3632
0.4950,b3633
0.5323,b3634
0.4570,b3635
0.8169,b3636
0.7278,b3637
0.3835,b3638
0.4742,b3639
0.5816,b3640
0.5628,b3641
0.5432,b3642
0.5515,b3643
0.6069,b3644
0.4135,b3645
0.4648,b3646
0.4556,b3647
0.5532,b3648
0.7072,b3649
0.5684,b3650
0.5522,b3651
0.5185,b3652
0.5121,b3653
0.5639,b3654
0.4798,b3655
0.5539,b3656
0.5263,b3657
1.0000,b4653
0.3875,b3659
0.3765,b3660
0.4231,b3661
0.4542,b4555
0.4367,b3662
0.4308,b3663
0.4296,b3664
0.4882,b3665
0.6045,b3666
0.4493,b3667
0.4542,b3668
0.5068,b3669
0.5846,b3670
0.5525,b3671
0.3724,b3672
0.5387,b4618
0.4414,b3673
0.4560,b3674
0.4367,b3675
0.3740,b3676
0.4804,b3677
0.5305,b3678
0.4926,b3679
0.4281,b3680
1.0000,b4556
1.0000,b3683
0.4102,b3684
0.4737,b3685
0.5971,b3686
0.6549,b3687
0.3995,b3688
0.4924,b3689
0.5027,b3690
0.5766,b3691
0.5765,b4478
0.4652,b4477
0.4299,b3693
0.4789,b4479
0.4308,b3696
0.5978,b3697
0.4196,b3698
0.6932,b3699
0.4302,b3700
0.6085,b3701
0.5145,b3702
0.8209,b3703
0.3870,b3704
0.2856,b4557
0.7195,b3705
0.5085,b3706
0.4445,b3707
0.6522,b3708
0.4676,b3709
0.4271,b3710
0.4981,b3711
0.4305,b3712
0.5734,b3713
0.6023,b3714
0.5857,b3715
0.3576,b3716
0.4973,b3717
0.5283,b3718
0.5304,b3719
0.5667,b3720
0.4680,b3721
0.4496,b3722
0.3941,b3723
0.6415,b3724
0.6690,b3725
0.6181,b3726
0.6022,b3727
0.7263,b3728
0.6622,b3729
0.6230,b3730
0.6341,b3731
0.7521,b3732
0.6219,b3733
0.7696,b3734
0.5363,b3735
0.6200,b3736
0.7385,b3737
0.5912,b3738
0.3898,b3739
0.4933,b3740
0.5780,b3741
0.5338,b3742
0.5159,b3743
0.5892,b3744
0.4652,b3745
0.5064,b3746
0.4531,b3747
0.4794,b3748
0.5480,b3749
0.5030,b3750
0.6286,b3751
0.5144,b3752
0.5134,b3753
0.3954,b3754
0.4435,b3755
0.3965,b4480
0.5691,b3764
0.3745,b3765
0.2448,b3766
0.2514,b4669
1.0000,b4488
0.4351,b3769
0.6427,b3770
0.6253,b3771
0.5587,b3772
0.4999,b3773
0.7175,b3774
0.6080,b3775
1.0000,b3777
0.5397,b3778
0.5112,b3779
0.5629,b3780
0.7023,b3781
0.6842,b3783
0.4748,b3784
0.4944,b3785
0.4883,b3786
0.5432,b3787
0.5803,b3788
0.5782,b3789
0.4268,b3790
0.6031,b3791
0.4430,b3792
0.4536,b4481
0.5129,b3793
0.5426,b3794
0.5200,b3795
0.4926,b3800
0.5710,b3801
0.5567,b3802
0.5480,b3803
0.3873,b3804
0.4780,b3805
0.5470,b3806
0.6970,b3807
0.5600,b4558
0.5077,b3809
0.4561,b3810
0.5101,b3811
0.4907,b3812
0.5612,b3813
0.4463,b4482
0.6070,b3816
0.3845,b3817
0.3728,b3818
0.4914,b3819
0.4544,b3820
0.5496,b3821
0.5400,b3822
0.5043,b3823
0.4198,b3824
0.4668,b3825
0.5768,b3826
0.5441,b3827
0.4303,b3828
0.5947,b3829
0.5152,b3830
0.6827,b3831
0.5269,b3832
0.5741,b3833
0.5295,b3834
0.4704,b3835
0.5837,b3836
0.4958,b3838
0.5549,b3839
0.4755,b4483
0.4664,b3842
0.5367,b3843
0.5057,b3844
0.5761,b3845
0.6328,b3846
0.6572,b3847
0.4544,b3848
0.4709,b3849
0.5137,b3850
0.3760,b3856
0.4445,b3857
0.5839,b3858
0.4544,b3859
0.7315,b3860
0.4628,b3861
0.4539,b3862
0.5602,b3863
0.5739,b3865
0.5681,b3866
0.5775,b3867
0.4634,b4686
0.5056,b3868
0.4628,b3869
0.7502,b3870
0.7576,b3871
0.4387,b3872
0.4576,b3873
0.4736,b3874
0.4823,b3875
0.4569,b3876
0.5432,b3877
0.5933,b3878
0.4689,b3879
0.6190,b3880
0.5548,b3881
0.5135,b3882
0.4846,b3883
0.4501,b3884
0.5106,b3885
0.4375,b3886
0.4571,b3887
0.4693,b3888
0.3898,b3889
0.3180,b3890
0.5828,b3891
0.5600,b3892
0.6097,b3893
0.6111,b3894
0.4370,b3895
0.5171,b3896
0.4349,b3897
0.5167,b3898
0.5249,b3899
0.5534,b3900
0.6124,b3901
0.5263,b3902
0.5322,b3903
0.4852,b3904
0.4133,b3905
0.4660,b3906
0.4803,b3907
0.8156,b3908
0.4335,b3909
0.4416,b3910
0.5554,b3911
0.5163,b3912
0.4501,b4484
0.3855,b3915
0.7655,b3916
0.5880,b3917
0.4346,b3918
0.8175,b3919
0.4464,b3920
0.4618,b3921
0.4743,b3922
0.4563,b3923
0.4384,b3924
0.6144,b3925
0.6447,b3926
0.5076,b3927
0.6576,b3928
0.5463,b3929
0.4574,b3930
0.7122,b3931
0.6201,b3932
0.5026,b3933
0.4941,b3934
0.5112,b3935
0.8413,b3936
0.5464,b3937
0.5882,b3938
0.5122,b3939
0.5708,b3940
0.5787,b3941
0.6671,b3942
0.4519,b3943
0.4879,b3944
0.6305,b3945
0.5240,b3946
0.5675,b3947
0.5853,b3949
0.6433,b3950
0.5222,b3951
0.4632,b3952
0.4642,b3953
0.4865,b3954
0.5943,b3955
0.5992,b3956
0.4819,b3957
0.5199,b3958
0.5082,b3959
0.5725,b3960
0.5550,b3961
0.5586,b3962
0.4607,b3963
0.5744,b3964
0.5550,b3965
0.5048,b3966
0.4366,b3967
0.4699,b3972
0.4400,b3973
0.4513,b3974
0.8464,b3980
0.5359,b3981
0.7183,b3982
0.7902,b3983
0.8319,b3984
0.7503,b3985
0.8823,b3986
0.7467,b3987
0.7915,b3988
0.4375,b3989
0.4533,b3990
0.4821,b3991
0.5113,b4407
0.4409,b3992
0.4557,b3993
0.5651,b3994
0.4532,b3995
0.4638,b3996
0.5793,b3997
0.4697,b3998
0.5268,b3999
0.7611,b4000
0.4632,b4001
0.4885,b4002
0.4351,b4003
0.4825,b4004
0.6417,b4005
0.6460,b4006
0.4965,b4011
0.4053,b4012
0.5053,b4013
0.5596,b4014
0.6501,b4015
0.5088,b4016
0.3999,b4017
0.4614,b4018
0.5904,b4019
0.4668,b4020
0.5934,b4021
0.5139,b4022
0.4770,b4023
0.5467,b4024
0.7022,b4025
0.4765,b4026
0.5354,b4027
0.4321,b4028
0.5294,b4029
0.3768,b4620
0.4718,b4030
0.5652,b4031
0.5607,b4032
0.5467,b4033
0.6798,b4034
0.5506,b4035
0.7103,b4036
0.5203,b4037
1.0000,b4038
0.3986,b4039
0.4546,b4040
0.5541,b4041
0.4932,b4042
0.5523,b4043
0.4466,b4044
0.7301,b4045
0.5330,b4046
0.3465,b4047
0.4116,b4048
0.5253,b4049
0.4950,b4050
0.4881,b4051
0.5671,b4052
0.5166,b4053
0.4714,b4054
0.3364,b4621
0.4968,b4055
0.4424,b4056
0.5431,b4057
0.5675,b4058
0.7530,b4059
0.4439,b4060
0.4229,b4061
0.5163,b4062
0.4248,b4063
0.5808,b4064
0.5014,b4065
0.4038,b4066
0.5759,b4067
0.4333,b4068
0.6001,b4069
0.6190,b4070
0.5458,b4071
0.5264,b4072
0.4928,b4073
0.4322,b4074
0.4325,b4075
0.4615,b4076
0.5633,b4077
0.5246,b4078
0.6402,b4079
0.4575,b4080
0.4594,b4081
0.5290,b4082
0.3696,b4622
0.6241,b4083
0.4521,b4084
0.5714,b4085
0.4978,b4086
0.4747,b4087
0.5526,b4088
0.4300,b4089
0.4225,b4090
0.4369,b4487
0.5060,b4092
0.5765,b4093
0.4777,b4094
0.5800,b4095
0.5586,b4096
0.4965,b4097
0.5756,b4098
0.5633,b4099
0.5556,b4100
0.5851,b4101
0.5274,b4102
1.0000,b4104
0.5600,b4105
0.5793,b4106
0.4834,b4107
0.7631,b4108
0.4306,b4109
0.4328,b4110
0.5283,b4111
0.5437,b4703
0.4292,b4112
0.4926,b4113
0.4975,b4114
0.4890,b4115
0.4233,b4116
0.6114,b4117
0.5260,b4118
0.5327,b4119
0.4541,b4120
0.4068,b4121
0.6472,b4122
0.5926,b4123
0.4926,b4124
0.4429,b4125
0.5349,b4126
0.4714,b4127
0.3818,b4128
0.3310,b4559
0.6006,b4129
0.4663,b4130
0.7299,b4131
0.6514,b4132
0.4202,b4133
1.0000,b4654
0.5280,b4135
0.4608,b4136
0.4758,b4137
0.6786,b4138
0.7389,b4139
0.4442,b4140
0.4082,b4141
0.6671,b4142
0.8497,b4143
0.5309,b4144
0.5165,b4145
0.4749,b4146
0.7916,b4147
0.5272,b4410
0.5422,b4411
0.4598,b4148
0.5122,b4149
0.4431,b4150
0.6485,b4151
0.6042,b4152
0.7020,b4153
0.7002,b4154
0.5070,b4155
0.4621,b4156
0.4355,b4157
0.4985,b4158
0.4948,b4159
0.6072,b4160
0.5646,b4161
0.5893,b4162
0.3781,b4670
0.4369,b4166
0.4687,b4167
0.4469,b4168
0.4823,b4169
0.4963,b4170
0.4075,b4171
0.5969,b4172
0.4980,b4173
0.6256,b4174
0.6717,b4175
0.3955,b4176
0.7401,b4177
0.3857,b4178
0.6246,b4179
0.5741,b4180
0.4146,b4181
0.5146,b4182
0.5015,b4183
0.4398,b4184
0.5236,b4185
0.5319,b4186
0.4379,b4187
0.4724,b4188
0.4133,b4189
0.4033,b4190
0.5195,b4191
0.6790,b4192
0.6226,b4193
0.6075,b4194
0.6699,b4195
0.6655,b4196
0.5804,b4197
0.5528,b4198
0.4353,b4199
0.7970,b4200
0.3716,b4201
0.7946,b4202
0.8139,b4203
0.3662,b4204
1.0000,b4205
0.4564,b4206
0.7129,b4207
0.4930,b4208
0.6439,b4209
0.4278,b4210
0.5463,b4211
0.4474,b4212
0.5383,b4213
0.5760,b4214
0.3797,b4215
0.4975,b4216
0.4995,b4217
0.5743,b4218
0.5174,b4219
0.5232,b4220
0.5121,b4221
0.4011,b4222
0.4292,b4224
0.3971,b4225
0.7765,b4226
0.5423,b4227
0.4571,b4485
0.4150,b4230
0.4123,b4231
0.6286,b4232
0.6096,b4233
0.5778,b4234
0.5399,b4235
1.0000,b4236
0.5697,b4237
0.6591,b4238
0.5146,b4239
0.5191,b4240
0.4922,b4241
0.1248,b4702
0.5086,b4242
0.7362,b4243
0.5555,b4244
0.5807,b4245
0.3639,b4246
0.4257,b4248
0.4544,b4249
0.4468,b4251
0.5160,b4252
0.3498,b4253
0.5414,b4254
0.6530,b4255
0.4683,b4256
0.3830,b4257
0.7486,b4258
0.5283,b4259
0.5716,b4260
0.4890,b4261
0.5660,b4262
0.4446,b4263
0.4334,b4264
0.4614,b4265
0.5356,b4266
0.4734,b4267
0.3897,b4268
0.5112,b4269
1.0000,b4271
0.3608,b4272
0.3670,b4273
1.0000,b4575
0.3200,b4277
0.4099,b4278
0.3419,b4279
0.3879,b4280
0.3343,b4655
1.0000,b4281
1.0000,b4282
1.0000,b4623
0.3045,b4284
1.0000,b4561
1.0000,b4286
0.3454,b4287
0.4304,b4288
0.4487,b4289
0.5340,b4290
0.5934,b4291
0.5012,b4292
0.4522,b4293
0.4684,b4294
1.0000,b4576
0.4112,b4295
0.4478,b4296
0.4504,b4297
0.5177,b4298
0.3647,b4299
0.4422,b4300
0.4455,b4301
0.4406,b4302
0.4726,b4303
0.4786,b4304
0.4810,b4565
0.4342,b4305
1.0000,b4656
0.4702,b4306
0.3772,b4307
0.4785,b4566
1.0000,b4657
1.0000,b4308
0.4193,b4309
0.4415,b4310
0.4475,b4311
0.3495,b4312
0.3943,b4313
0.5622,b4314
0.3651,b4315
0.3891,b4316
0.4113,b4317
0.3941,b4318
0.3835,b4319
0.4271,b4320
0.5814,b4321
0.7656,b4322
0.6759,b4323
0.5386,b4324
0.3630,b4325
0.4226,b4326
0.4775,b4327
0.5602,b4328
0.4907,b4329
0.4484,b4330
0.4256,b4331
0.3985,b4332
0.4932,b4333
0.4478,b4334
0.5649,b4335
0.4534,b4336
0.4508,b4337
1.0000,b4339
0.4894,b4340
0.3131,b4341
1.0000,b4342
1.0000,b4486
0.3535,b4345
0.4324,b4346
0.5221,b4347
0.4031,b4348
0.6392,b4349
0.5694,b4350
0.4720,b4351
0.5906,b4352
0.5946,b4353
0.6743,b4354
0.5398,b4355
0.4904,b4356
0.4497,b4357
0.4948,b4358
0.5476,b4359
0.5291,b4360
0.5757,b4361
0.4942,b4362
0.4367,b4363
0.4112,b4364
0.3942,b4365
0.3597,b4366
0.4704,b4367
0.3288,b4567
0.5351,b4371
0.4349,b4372
0.4792,b4373
0.5538,b4374
0.6719,b4375
0.6315,b4376
0.4009,b4568
0.4366,b4377
0.4880,b4378
0.4758,b4379
0.5349,b4380
0.7543,b4381
0.6396,b4382
0.7403,b4383
0.7685,b4384
0.4422,b4385
0.5026,b4386
0.5066,b4387
0.5752,b4388
0.5162,b4389
0.5514,b4390
0.6930,b4391
0.4992,b4392
0.4482,b4393
0.4867,b4394
0.4929,b4395
0.5529,b4396
0.5115,b4397
0.4078,b4398
0.4337,b4399
0.4334,b4400
0.6598,b4401
0.4343,b4402
0.4056,b4403
