Ew,locus_tag
0.2800,b0001
0.8458,b0002
0.8292,b0003
0.7937,b0004
0.7032,b0005
0.7922,b0006
0.8100,b0007
0.6685,b0008
0.7859,b0009
0.6402,b0010
0.8053,b0011
0.6596,b0013
0.5947,b0014
0.7874,b0015
0.8821,b0016
0.6032,b0018
0.5840,b4412
0.8294,b0019
0.8354,b0020
0.7360,b0021
0.6912,b0022
0.5398,b0023
0.6695,b0024
0.8233,b0025
0.7248,b0026
0.7260,b0027
0.7051,b0028
0.6903,b0029
0.8471,b0030
0.7770,b0031
0.8318,b0032
0.6796,b0033
0.7823,b0034
0.7643,b0035
0.7334,b0036
0.8319,b0037
0.7175,b0038
0.7581,b0039
0.7698,b0040
0.8172,b0041
0.7530,b0042
0.7979,b0043
0.6129,b0044
0.7781,b0045
0.7305,b0046
0.7499,b0047
0.7289,b0048
0.7445,b0049
0.7111,b0050
0.7635,b0051
0.8210,b0052
0.7118,b0053
0.8431,b0054
0.7117,b0055
0.0000,b4659
0.6812,b0058
0.7025,b0059
0.8215,b0060
0.7375,b0061
0.7234,b0062
0.7717,b0063
0.8109,b0064
0.6697,b0065
0.7149,b0066
0.7586,b0067
0.7759,b0068
0.8020,b0069
0.3628,b4662
0.8096,b0070
0.7344,b0071
0.6789,b0072
0.7399,b0073
0.7789,b0074
0.3393,b0075
0.8126,b0076
0.8367,b0077
0.8190,b0078
0.8011,b0080
0.8300,b0081
0.8176,b0082
0.8169,b0083
0.8181,b0084
0.7807,b0085
0.7957,b0086
0.7361,b0087
0.7766,b0088
0.7571,b0089
0.7836,b0090
0.7932,b0091
0.7922,b0092
0.7689,b0093
0.8613,b0094
0.7458,b0095
0.7728,b0096
0.7747,b0097
0.7116,b0098
0.6592,b0099
0.5009,b0101
0.7766,b0102
0.8126,b0103
0.7581,b0104
0.8263,b0106
0.9076,b0107
0.7089,b0108
0.7806,b0109
0.7761,b0110
0.7603,b0111
0.7299,b0112
0.8125,b0113
0.6231,b0114
0.6679,b0115
0.6376,b0116
0.9188,b0117
0.6891,b0118
0.6915,b0119
0.7639,b0120
0.7678,b0121
0.6959,b0122
0.7800,b0123
0.7545,b0124
0.6216,b0125
0.7247,b0126
0.7868,b0127
0.7433,b0128
0.6809,b0129
0.8396,b0130
0.6489,b0131
0.8574,b0132
0.7401,b0133
0.7338,b0134
0.8653,b0135
0.8227,b0136
0.7894,b0137
0.8467,b0138
0.8605,b0139
0.8210,b0140
0.7207,b0141
0.7699,b0142
0.7658,b0143
0.8740,b0144
0.6937,b0145
0.7685,b0146
0.7749,b0147
0.8136,b0148
0.7646,b0149
0.8145,b0150
0.6679,b0151
0.7399,b0152
0.7140,b0153
0.7795,b0154
0.8000,b0155
0.5018,b0156
0.7359,b0157
0.8352,b0158
0.7842,b0159
0.8366,b0160
0.6931,b0161
0.7843,b0162
0.7340,b0163
0.8177,b0164
0.6344,b0166
0.8399,b0167
0.7238,b0168
0.5013,b0169
0.5297,b0170
0.6786,b0171
0.6021,b0172
0.8171,b0173
0.8000,b0174
0.8204,b0175
0.8725,b0176
0.7707,b0177
0.6002,b0178
0.7902,b0179
0.6906,b0180
0.7554,b0181
0.8025,b0182
0.7061,b0183
0.8143,b0184
0.6655,b0185
0.8149,b0186
0.7023,b0187
0.7837,b0188
0.5872,b0189
0.7756,b4406
0.6722,b0190
0.7454,b0191
0.7870,b0192
0.8553,b0193
0.6946,b0194
0.7655,b0195
0.7281,b0196
0.7112,b0197
0.6626,b0198
0.8194,b0199
0.7237,b0200
0.7589,b0207
0.8864,b0208
0.8332,b0209
0.7979,b0210
0.8324,b0211
0.8310,b0212
0.8162,b0213
0.6885,b0214
0.8116,b0215
0.8385,b0217
0.6898,b4586
0.0000,b0218
0.0000,b4503
0.7494,b0219
0.7615,b0220
0.7562,b0221
0.7170,b0222
0.8137,b0223
0.8244,b0224
0.6619,b0225
0.7537,b0226
0.8261,b0227
0.7694,b0228
0.0000,b0229
0.0000,b0230
0.8013,b0231
0.7443,b0232
0.7241,b0233
0.7510,b0234
0.0000,b0235
0.0000,b0236
0.7010,b0237
0.6243,b0238
0.8012,b0239
0.6777,b0240
0.7839,b0241
0.7817,b0242
0.7957,b0243
0.0000,b4626
0.8093,b0245
0.5609,b0246
0.6047,b4504
0.7274,b0247
0.7493,b0248
0.7463,b0249
0.7799,b0250
0.7214,b0251
0.0000,b4627
0.0000,b4628
0.7797,b0252
0.7885,b0253
0.8673,b0254
0.0000,b4587
0.8891,b0256
0.0000,b0258
0.7578,b0259
0.7961,b0260
0.7112,b0261
0.7417,b0262
0.0000,b0263
0.7521,b0264
0.6863,b0265
0.0000,b4505
0.0000,b0266
0.7090,b0267
0.6630,b0268
0.5832,b0269
0.5275,b0270
0.5536,b0271
0.6228,b0272
0.6440,b0273
0.0000,b4688
0.7521,b0274
0.6863,b0275
0.0000,b0276
0.8623,b0277
0.8436,b0278
0.8465,b0279
0.7864,b0280
0.8484,b0281
0.0000,b4694
0.0000,b4695
0.8405,b0283
0.8311,b0284
0.7881,b0285
0.8802,b0286
0.8016,b0287
0.7661,b0288
0.8302,b0289
0.8460,b0290
0.8503,b0291
0.8179,b0292
0.7415,b0293
0.8130,b0294
0.7579,b0295
0.4580,b4506
0.8096,b0296
0.5837,b4671
0.0000,b4630
0.0000,b0297
0.7456,b0298
0.7791,b0299
0.0000,b0300
0.0000,b4631
0.7821,b0301
0.4544,b0303
0.8288,b0304
0.8580,b0305
0.8476,b0306
0.8242,b0307
0.7879,b0308
0.7977,b0310
0.7536,b0311
0.6910,b0312
0.7027,b0313
0.7678,b0314
0.8501,b0315
0.7924,b0316
0.7202,b0317
0.7054,b0318
0.8224,b0319
0.7655,b0320
0.6883,b0321
0.7722,b0323
0.7463,b0324
0.8422,b0325
0.8281,b0326
0.6522,b0327
0.8187,b0328
0.6462,b0329
0.7916,b0330
0.6941,b0331
0.7329,b0333
0.7225,b0334
0.7351,b0335
0.8045,b0336
0.8019,b0337
0.8405,b0338
0.8490,b0339
0.7249,b0340
0.7903,b0341
0.8502,b0342
0.7967,b0343
0.7949,b0344
0.8143,b0345
0.7842,b0346
0.7653,b0347
0.8074,b0348
0.7040,b0349
0.7885,b0350
0.7773,b0351
0.7704,b0352
0.8302,b0353
0.7965,b0354
0.8063,b0355
0.7272,b0356
0.6984,b0357
0.7890,b0358
0.0000,b4579
0.7372,b0360
0.8225,b0361
0.8421,b0363
0.7529,b0364
0.7939,b0365
0.8098,b0366
0.6757,b0367
0.7386,b0368
0.7866,b0369
0.0000,b4580
0.7791,b0372
0.7456,b0373
0.7963,b0375
0.7443,b0376
0.7801,b0377
0.8114,b0378
0.6959,b0379
0.6153,b0380
0.8418,b0381
0.6963,b0382
0.8170,b0383
0.7492,b0384
0.7964,b0385
0.7465,b0386
0.7747,b0387
0.7753,b0388
0.6776,b0389
0.8108,b0390
0.6311,b0391
0.0000,b0392
0.6959,b0393
0.8057,b0394
0.8067,b0396
0.8678,b0397
0.8084,b0398
0.7616,b0399
0.7946,b0400
0.7433,b0401
0.6991,b0402
0.7999,b0403
0.7554,b0404
0.7744,b0405
0.7787,b0406
0.6226,b0407
0.7562,b0408
0.7384,b0409
0.6797,b0410
0.6247,b0411
0.8180,b0412
0.7401,b0413
0.8258,b0414
0.6522,b0415
0.6155,b0416
0.8300,b0417
0.6620,b0418
0.8456,b0419
0.7565,b0420
0.8493,b0421
0.6424,b0422
0.7167,b0423
0.7540,b0424
0.7874,b0425
0.7054,b0426
0.8031,b0427
0.7505,b0428
0.5788,b0429
0.6114,b0430
0.6895,b0431
0.7801,b0432
0.8404,b0433
0.6369,b0434
0.7523,b0435
0.5658,b0436
0.7146,b0437
0.7443,b0438
0.7460,b0439
0.6668,b0440
0.7452,b0441
0.6993,b0442
0.7848,b0443
0.7251,b0444
0.8468,b0445
0.7892,b0446
0.7419,b0447
0.7945,b0448
0.8000,b0449
0.6586,b0450
0.7633,b0451
0.8162,b0452
0.7906,b0453
0.7159,b0454
0.7359,b0456
0.8149,b0457
0.6810,b0458
0.8354,b0459
0.5432,b0460
0.7198,b0461
0.7695,b0462
0.8417,b0463
0.8326,b0464
0.7831,b0465
0.5765,b0466
0.7225,b0467
0.6206,b0468
0.5742,b0469
0.8038,b0470
0.5164,b0471
0.7509,b0472
0.6646,b0473
0.5641,b0474
0.7640,b0475
0.8471,b0476
0.7730,b0477
0.7776,b0478
0.8268,b0479
0.7819,b0480
0.7486,b0481
0.7759,b0482
0.6252,b0483
0.7935,b0484
0.8533,b0485
0.7934,b0486
0.6626,b0487
0.7249,b0488
0.6754,b0489
0.8356,b0490
0.7520,b0491
0.7236,b0492
0.7846,b0493
0.7700,b0494
0.7963,b0495
0.7840,b0496
0.8300,b0497
0.6116,b0498
0.0000,b0499
0.0000,b0501
0.0000,b4632
0.0000,b0502
0.7860,b0503
0.8019,b0504
0.7442,b0505
0.8136,b0506
0.7718,b0507
0.7044,b0508
0.7425,b0509
0.8183,b0511
0.6814,b0512
0.8041,b0513
0.7758,b0514
0.7480,b0515
0.7901,b0516
0.8134,b0517
0.8044,b0518
0.0000,b4572
0.7867,b0520
0.7373,b0521
0.7247,b0522
0.6656,b0523
0.6985,b0524
0.5454,b0525
0.7373,b0526
0.6845,b0527
0.4722,b0528
0.7987,b0529
0.8002,b0530
0.8271,b0531
0.8668,b0532
0.7980,b0533
0.7903,b0534
0.8095,b0535
0.8913,b0537
0.0000,b4633
0.0000,b0539
0.0000,b4508
0.0000,b0542
0.7456,b0540
0.7791,b0541
0.5744,b0543
0.8005,b0544
0.7261,b0545
0.7974,b0546
0.3293,b4588
0.7437,b0547
0.7211,b0548
0.6993,b0549
0.6386,b0550
0.5476,b4509
0.7521,b0551
0.0000,b0553
0.7578,b0552
0.6554,b0554
0.7916,b0555
0.8209,b0556
0.4595,b4510
0.7327,b0557
0.7560,b0558
0.5625,b0559
0.5948,b4589
0.7601,b0560
0.0000,b4634
0.0000,b0561
0.0000,b0562
0.0000,b0563
0.7861,b0564
0.8261,b0565
0.8329,b0566
0.7813,b0567
0.8657,b0568
0.8142,b0569
0.8320,b0570
0.7331,b0571
0.8274,b0572
0.6289,b0573
0.7809,b0574
0.7662,b0575
0.7396,b0576
0.7562,b0577
0.7382,b0578
0.6585,b0579
0.6251,b0580
0.7839,b0581
0.5271,b4415
0.8821,b0582
0.8708,b0583
0.7547,b0584
0.8537,b0585
0.6491,b4511
0.8177,b0586
0.8266,b0587
0.7965,b0588
0.7568,b0589
0.7821,b0590
0.7523,b0591
0.8617,b0592
0.7889,b0593
0.7831,b0594
0.7293,b0595
0.7768,b0596
0.7244,b0597
0.7297,b0598
0.6259,b4512
0.7973,b0599
0.8320,b0600
0.7116,b0601
0.8215,b0602
0.8691,b0603
0.8345,b0604
0.4138,b0605
0.7297,b0606
0.7731,b0607
0.8524,b0608
0.7023,b0610
0.7956,b0611
0.7515,b0612
0.8280,b0613
0.7512,b0614
0.7183,b0615
0.6626,b0616
0.6634,b0617
0.8246,b0618
0.8344,b0619
0.8524,b0620
0.8180,b0621
0.7064,b0622
0.6218,b0623
0.7321,b0624
0.0000,b4581
0.7287,b0627
0.7542,b0628
0.8965,b0629
0.7597,b0630
0.5824,b0631
0.7369,b0632
0.8536,b0633
0.7979,b0634
0.7949,b0635
0.7822,b0636
0.6108,b0637
0.7383,b0638
0.7927,b0639
0.8482,b0640
0.7459,b0641
0.6926,b0642
0.7767,b0643
0.8533,b0644
0.7879,b0645
0.8486,b0646
0.7706,b0647
0.8551,b0648
0.8289,b0649
0.8334,b0650
0.7850,b0651
0.6835,b0652
0.7403,b0653
0.7150,b0654
0.7378,b0655
0.7578,b0656
0.7321,b0657
0.7403,b0658
0.7220,b0659
0.7312,b0660
0.7534,b0661
0.7667,b0662
0.7534,b0674
0.7666,b0675
0.7765,b0676
0.7951,b0677
0.7007,b0678
0.7181,b0679
0.7086,b0680
0.7688,b0681
0.7098,b0682
0.6906,b0683
0.4533,b4637
0.6403,b0684
0.6663,b0685
0.7392,b0686
0.8171,b0687
0.7473,b0688
0.7605,b0689
0.0000,b0691
0.0000,b4636
0.7637,b0692
0.8345,b0693
0.6770,b4590
0.7416,b0694
0.8229,b0695
0.7605,b0696
0.7713,b0697
0.7723,b0698
0.5133,b4513
0.5866,b0699
0.8070,b0700
0.6107,b0702
0.0000,b0703
0.7522,b0704
0.0000,b4514
0.0000,b0705
0.8462,b0706
0.7868,b0707
0.8297,b0708
0.7762,b0709
0.7183,b0710
0.8007,b0711
0.7562,b0712
0.8132,b0713
0.8076,b0714
0.7818,b0715
0.8466,b0716
0.8006,b0717
0.8405,b0718
0.8109,b0719
0.7082,b0720
0.6948,b0721
0.6835,b0722
0.6855,b0723
0.8044,b0724
0.7422,b0726
0.6740,b0727
0.6687,b0728
0.6269,b0729
0.7931,b0730
0.8360,b0731
0.8725,b0732
0.7310,b0733
0.6418,b0734
0.4499,b4515
0.6929,b0735
0.8100,b0736
0.7695,b0737
0.7439,b0738
0.9039,b0739
0.7806,b0740
0.5423,b0741
0.8619,b0742
0.8364,b0750
0.7787,b0751
0.8380,b0752
0.7864,b0753
0.7951,b0754
0.6586,b0755
0.8225,b0756
0.8032,b0757
0.7845,b0758
0.7557,b0759
0.8596,b0760
0.8198,b0761
0.5105,b0762
0.7194,b0763
0.7215,b0764
0.7497,b0765
0.7690,b0766
0.7914,b0767
0.8673,b0768
0.8125,b0769
0.7301,b0770
0.8039,b0771
0.8046,b0772
0.6565,b0773
0.7325,b0774
0.7308,b0775
0.8032,b0776
0.7917,b0777
0.8241,b0778
0.8031,b0779
0.7952,b0780
0.7982,b0781
0.7204,b0782
0.6739,b0783
0.6839,b0784
0.6379,b0785
0.7934,b0786
0.8253,b0787
0.7784,b0788
0.7818,b0789
0.7803,b0790
0.6510,b0791
0.7849,b0792
0.6928,b0793
0.7677,b0794
0.7763,b0795
0.8011,b0796
0.7071,b0797
0.7893,b0798
0.8171,b0799
0.7686,b0800
0.7624,b0801
0.7568,b0802
0.6553,b0803
0.7873,b0804
0.8354,b0805
0.7596,b0806
0.8124,b0807
0.7992,b0808
0.6682,b0809
0.6090,b0810
0.7105,b0811
0.6729,b0812
0.8463,b0813
0.4421,b0814
0.8706,b0815
0.6746,b0816
0.8172,b0817
0.7531,b0818
0.6936,b0819
0.7239,b0820
0.8687,b0821
0.8362,b0822
0.7665,b0823
0.7363,b0824
0.7188,b0825
0.7742,b0826
0.7869,b0827
0.7934,b0828
0.8263,b0829
0.8063,b0830
0.7257,b0831
0.7626,b0832
0.8619,b0833
0.8709,b0834
0.7424,b0835
0.7971,b0836
0.8249,b0837
0.7876,b0838
0.7578,b0839
0.7579,b0840
0.7457,b0841
0.7750,b0842
0.6929,b0843
0.7970,b0844
0.7879,b0845
0.7330,b0846
0.8386,b0847
0.7293,b0848
0.6438,b0849
0.6783,b0850
0.7388,b0851
0.8107,b0852
0.7603,b0853
0.7978,b0854
0.7732,b0855
0.7455,b0856
0.7556,b0857
0.7080,b0858
0.8026,b0859
0.7616,b0860
0.6310,b0861
0.7277,b0862
0.7161,b0863
0.6992,b0864
0.7669,b0865
0.7125,b0866
0.7444,b0867
0.7858,b0868
0.8276,b0869
0.7690,b0870
0.8043,b0871
0.7574,b0872
0.7297,b0873
0.7811,b0874
0.7209,b0875
0.7972,b0876
0.8207,b0877
0.8558,b0878
0.8427,b0879
0.7073,b0880
0.7980,b0881
0.8148,b0882
0.4901,b0884
0.8109,b0885
0.8599,b0886
0.8359,b0887
0.7652,b0888
0.8254,b0889
0.8367,b0890
0.7516,b0891
0.8129,b0892
0.7200,b0893
0.7869,b0894
0.7592,b0895
0.7341,b0896
0.8107,b0897
0.7852,b0898
0.7944,b0899
0.8349,b0900
0.7042,b0901
0.7152,b0902
0.5185,b0903
0.7924,b0904
0.7918,b0905
0.7696,b0906
0.8168,b0907
0.7847,b0908
0.7509,b0909
0.7943,b0910
0.5220,b0911
0.6889,b0912
0.8501,b0913
0.7718,b0914
0.7936,b0915
0.8036,b0916
0.4732,b0917
0.7125,b0918
0.7947,b0919
0.7478,b0920
0.7414,b0921
0.8078,b0922
0.7532,b0923
0.7572,b0924
0.8579,b0925
0.8214,b0926
0.7742,b0927
0.7780,b0928
0.6658,b0929
0.7469,b0930
0.8419,b0931
0.7750,b0932
0.7647,b0933
0.7221,b0934
0.8243,b0935
0.8008,b0936
0.8084,b0937
0.7227,b0938
0.8602,b0939
0.8848,b0940
0.8621,b0941
0.8365,b0942
0.8242,b0943
0.8505,b0944
0.7973,b0945
0.6877,b0946
0.8188,b0947
0.7695,b0948
0.7842,b0949
0.8214,b0950
0.7965,b0951
0.7813,b0952
0.4915,b0953
0.5919,b0954
0.8653,b0955
0.7185,b0956
0.5289,b0957
0.7888,b0958
0.7933,b0959
0.8457,b0960
0.6655,b0961
0.8335,b0962
0.7179,b0963
0.7787,b0964
0.6425,b0965
0.7289,b0966
0.7872,b0967
0.6036,b0968
0.6240,b0969
0.6821,b0970
0.8099,b0972
0.7527,b0973
0.7176,b0974
0.7425,b0975
0.6592,b0976
0.8181,b0977
0.7989,b0978
0.7648,b0979
0.4092,b4592
0.8868,b0980
0.8233,b0981
0.7848,b0982
0.8215,b0983
0.8510,b0984
0.8340,b0985
0.7781,b0986
0.8125,b0987
0.6863,b4516
0.7467,b0988
0.5656,b0989
0.6561,b0990
0.7219,b0991
0.6051,b4517
0.7880,b0992
0.8490,b0993
0.8135,b0994
0.7747,b0995
0.8023,b0996
0.7910,b0997
0.7710,b0998
0.6698,b0999
0.7295,b1000
0.8157,b1001
0.8010,b1002
0.6813,b1003
0.7232,b1004
0.5900,b4518
0.7946,b1006
0.7563,b1007
0.7104,b1008
0.7928,b1009
0.7617,b1010
0.7934,b1011
0.7994,b1012
0.7437,b1013
0.8045,b1014
0.7258,b1015
0.0000,b4490
0.7535,b1018
0.8334,b1019
0.8844,b1020
0.7867,b1021
0.8308,b1022
0.8371,b1023
0.8706,b1024
0.8392,b1025
0.7791,b1026
0.7456,b1027
0.0000,b1028
0.8150,b1029
0.7790,b1033
0.8201,b1034
0.7503,b1035
0.7511,b1036
0.8145,b1037
0.7205,b1038
0.7437,b1039
0.8290,b1040
0.7618,b1041
0.6556,b1042
0.7106,b1043
0.7357,b1044
0.7780,b1045
0.8531,b1046
0.8417,b1047
0.7807,b1048
0.8032,b1049
0.5873,b1050
0.7890,b1051
0.8459,b1053
0.7317,b1054
0.8422,b1055
0.7253,b1056
0.7955,b1057
0.4058,b1058
0.8088,b1059
0.7329,b1060
0.5254,b1061
0.8562,b1062
0.7865,b1063
0.7859,b1064
0.7800,b1065
0.7455,b1066
0.6992,b1067
0.7983,b1068
0.7734,b1069
0.7692,b1070
0.6947,b1071
0.8155,b1072
0.7107,b1073
0.7877,b1074
0.7960,b1075
0.8260,b1076
0.7585,b1077
0.7870,b1078
0.7811,b1079
0.8530,b1080
0.7954,b1081
0.8422,b1082
0.8412,b1083
0.7808,b1084
0.7929,b1085
0.7920,b1086
0.8279,b1087
0.7968,b1088
0.4869,b1089
0.8722,b1090
0.8091,b1091
0.7781,b1092
0.7096,b1093
0.5624,b1094
0.7787,b1095
0.8347,b1096
0.7934,b1097
0.7792,b1098
0.8497,b1099
0.8484,b1100
0.7123,b1101
0.8424,b1102
0.7358,b1103
0.7856,b1104
0.8151,b1105
0.7991,b1106
0.7535,b1107
0.8299,b1108
0.7527,b1109
0.7859,b1110
0.8427,b1111
0.7316,b1112
0.7780,b1113
0.7995,b1114
0.8059,b1115
0.7963,b1116
0.6918,b1117
0.7679,b1118
0.8115,b1119
0.7569,b1120
0.8353,b1121
0.7636,b1122
0.7413,b1123
0.6280,b1124
0.7240,b1125
0.8167,b1126
0.7400,b1127
0.7894,b1128
0.8350,b1129
0.7221,b1130
0.7418,b1131
0.7980,b1132
0.7086,b1133
0.7038,b1134
0.7366,b1135
0.6997,b1136
0.7714,b1137
0.7724,b1138
0.7811,b1139
0.8556,b1140
0.6463,b1141
0.7588,b1143
0.7488,b1144
0.8132,b1145
0.6253,b1146
0.7688,b1147
0.7941,b1148
0.0000,b4692
0.0000,b4693
0.4943,b1150
0.0000,b1151
0.0000,b1152
0.7400,b1153
0.8914,b1154
0.6546,b1155
0.7844,b1156
0.0000,b1157
0.8097,b1158
0.7817,b1159
0.0000,b4519
0.7212,b1160
0.7666,b1161
0.8082,b1162
0.8611,b1163
0.6537,b1164
0.7389,b1165
0.5015,b1166
0.6768,b1167
0.9206,b1168
0.6490,b4520
0.0000,b4491
0.5974,b1171
0.6948,b1172
0.7129,b4593
0.5529,b4594
0.0000,b4521
0.5840,b1174
0.8159,b1175
0.8336,b1176
0.7088,b1177
0.8718,b1178
0.7078,b1179
0.7776,b1180
0.6521,b1181
0.8239,b1182
0.7279,b1183
0.8390,b1184
0.6773,b1185
0.7869,b1186
0.7167,b1187
0.7979,b1188
0.7974,b1189
0.7606,b1190
0.8384,b1191
0.8108,b1192
0.8065,b1193
0.8389,b1194
0.6782,b1195
0.7526,b1196
0.8029,b1197
0.8141,b1198
0.7555,b1199
0.8267,b1200
0.8540,b1201
0.9071,b1202
0.7202,b1203
0.7448,b1204
0.6310,b1205
0.7960,b1206
0.6882,b1207
0.8273,b1208
0.7712,b1209
0.7798,b1210
0.7190,b1211
0.8134,b1212
0.7151,b1213
0.7868,b1214
0.7471,b1215
0.3585,b4419
0.4144,b4421
0.3585,b4423
0.8458,b1216
0.4952,b1217
0.7796,b1218
0.7388,b1219
0.8477,b1220
0.6997,b1221
0.8380,b1222
0.7903,b1223
0.7235,b1224
0.6552,b1225
0.7044,b1226
0.6465,b1227
0.5525,b1229
0.8272,b1232
0.7389,b1233
0.8366,b1234
0.8356,b1235
0.7418,b1236
0.5817,b1237
0.8045,b1238
0.0000,b4573
0.6612,b1241
0.8111,b1242
0.8110,b1243
0.7694,b1244
0.8143,b1245
0.8039,b1246
0.8300,b1247
0.6464,b1248
0.8036,b1249
0.6162,b4595
0.8333,b1250
0.7432,b1251
0.8013,b1252
0.7217,b1253
0.7538,b1254
0.8211,b1255
0.7932,b1256
0.7536,b1257
0.7804,b1258
0.6060,b1259
0.8185,b1260
0.7525,b1261
0.8667,b1262
0.7966,b1263
0.8176,b1264
0.0000,b1265
0.8189,b1266
0.6321,b1267
0.8878,b1268
0.6579,b1269
0.7056,b1270
0.6979,b1271
0.8179,b1272
0.7248,b1273
0.7793,b1274
0.8175,b1275
0.3905,b4522
0.6342,b4523
0.8473,b1276
0.7267,b1277
0.7946,b1278
0.7352,b1279
0.8100,b1280
0.7905,b1281
0.6695,b1282
0.6011,b1283
0.8118,b1284
0.6225,b4596
0.8674,b1285
0.3979,b4672
0.7634,b1286
0.8774,b1287
0.6238,b1288
0.7310,b1289
0.7161,b1290
0.7675,b1291
0.7878,b1292
0.7289,b1293
0.8030,b1294
0.7338,b1295
0.7855,b1296
0.8166,b1297
0.8626,b1298
0.8396,b1299
0.7384,b1300
0.7013,b1301
0.7570,b1302
0.8361,b1303
0.7264,b1304
0.5546,b1305
0.7217,b1306
0.6611,b1307
0.6463,b1308
0.8032,b1309
0.7591,b1310
0.7060,b1311
0.7303,b1312
0.7607,b1313
0.6471,b1314
0.7296,b1315
0.8469,b1316
0.7687,b1317
0.0000,b4524
0.8144,b1319
0.7206,b1320
0.8170,b1321
0.7513,b1322
0.8403,b1323
0.7268,b1324
0.7984,b1325
0.7912,b1326
0.0000,b4525
0.0000,b4673
0.8188,b1327
0.7928,b1328
0.8279,b1329
0.7901,b1330
0.7578,b1331
0.6534,b1332
0.7641,b1333
0.7438,b1334
0.7665,b1335
0.8431,b1336
0.8391,b1337
0.8603,b1338
0.8161,b1339
0.7631,b1340
0.8318,b1341
0.7825,b1342
0.8072,b1343
0.7779,b1344
0.8468,b1345
0.6870,b1346
0.5269,b1347
0.5112,b1348
0.8134,b1349
0.8483,b1350
0.6691,b1351
0.4006,b4526
0.6432,b1352
0.8053,b1353
0.6035,b4527
0.4142,b1355
0.7986,b1356
0.7109,b1357
0.7783,b1358
0.8515,b1359
0.7573,b1360
0.0000,b1361
0.0000,b1362
0.4356,b4528
0.8133,b1363
0.6788,b1365
0.0000,b1366
0.0000,b1368
0.0000,b4570
0.7226,b1370
0.9177,b1372
0.7074,b1373
0.7470,b1374
0.6314,b1375
0.0000,b4638
0.8118,b1376
0.7528,b1377
0.8016,b1378
0.6442,b4529
0.6301,b1379
0.7419,b1380
0.8250,b1381
0.6685,b1382
0.7078,b1383
0.8156,b1384
0.8341,b1385
0.8219,b1386
0.8485,b1387
0.8033,b1388
0.6241,b1389
0.7912,b1390
0.7734,b1391
0.7545,b1392
0.8132,b1393
0.8032,b1394
0.8634,b1395
0.7639,b1396
0.8271,b1397
0.8253,b1398
0.8230,b1399
0.7875,b1400
0.1623,b4674
0.0000,b4492
0.8225,b1402
0.7372,b1403
0.8926,b1404
0.8437,b1406
0.8638,b1407
0.7425,b1408
0.7834,b1409
0.8257,b1410
0.8374,b1411
0.7247,b1412
0.7998,b1413
0.8277,b1414
0.8307,b1415
0.0000,b4493
0.7930,b1418
0.5252,b1419
0.4730,b4428
0.7232,b1420
0.8484,b1421
0.8714,b1422
0.8305,b1423
0.8127,b1424
0.7059,b1426
0.7620,b1427
0.8399,b1428
0.8111,b1429
0.7544,b1430
0.7140,b1431
0.0000,b4578
0.8520,b1432
0.8524,b1433
0.8247,b1434
0.8176,b1435
0.6051,b1436
0.6032,b4532
0.7527,b1438
0.8138,b1439
0.7622,b1440
0.8282,b1441
0.7462,b1442
0.7940,b1443
0.8278,b1444
0.4430,b4598
0.5029,b1445
0.5840,b1446
0.7643,b1447
0.7607,b1448
0.8134,b1449
0.7547,b1450
0.8589,b1451
0.7609,b1452
0.7723,b1453
0.8272,b1454
0.4726,b1455
0.0000,b1456
0.7130,b1457
0.0000,b1459
0.8781,b1460
0.7123,b1461
0.8404,b1462
0.7361,b1463
0.8052,b1464
0.7520,b1465
0.7743,b1466
0.7273,b1467
0.7843,b1468
0.8414,b1469
0.6521,b1470
0.0000,b1471
0.0000,b1472
0.8097,b1473
0.7473,b1474
0.7618,b1475
0.6633,b1476
0.6473,b1477
0.7892,b1478
0.7583,b1479
0.4875,b1480
0.7188,b1481
0.7369,b1482
0.8575,b1483
0.8062,b1484
0.7495,b1485
0.8414,b1486
0.8463,b1487
0.8211,b1488
0.8047,b1489
0.7952,b1490
0.8778,b1491
0.8230,b1492
0.7311,b1493
0.8661,b1494
0.8481,b1495
0.8465,b1496
0.8382,b1497
0.8964,b1498
0.8882,b1499
0.6440,b1500
0.8998,b1501
0.8584,b1502
0.8572,b1503
0.8222,b1504
0.0000,b1505
0.0000,b1506
0.8735,b1507
0.6741,b1508
0.0000,b4696
0.8434,b1511
0.8216,b1512
0.8172,b1513
0.7838,b1514
0.8085,b1515
0.8384,b1516
0.6839,b1517
0.6701,b1518
0.8366,b1519
0.8353,b1520
0.7553,b1521
0.8239,b1522
0.7199,b1523
0.7857,b1524
0.7940,b1525
0.8222,b1526
0.8524,b1527
0.8284,b1528
0.7315,b1529
0.7698,b1530
0.7525,b1531
0.5637,b1532
0.7513,b1533
0.8177,b1534
0.4097,b4599
0.8186,b1535
0.7121,b1536
0.8138,b1537
0.8059,b1538
0.6894,b1539
0.7422,b1540
0.5003,b1541
0.8329,b1542
0.0000,b4600
0.6303,b1544
0.7656,b1545
0.7201,b1546
0.8854,b1547
0.0000,b1548
0.6463,b4533
0.7591,b1549
0.4766,b1550
0.4929,b1551
0.5736,b1552
0.7879,b1553
0.6708,b4689
0.7986,b1554
0.7247,b1555
0.6584,b1556
0.5638,b1557
0.5784,b1558
0.7969,b1559
0.8472,b1560
0.6919,b1561
0.6283,b1562
0.7743,b1563
0.6625,b1564
0.8002,b1565
0.8083,b1566
0.0000,b1567
0.0000,b1568
0.6333,b1569
0.7707,b1570
0.5521,b1571
0.5718,b1572
0.6124,b1573
0.5869,b1575
0.4161,b1576
0.0000,b1577
0.0000,b1578
0.0000,b1579
0.7744,b1580
0.7918,b1581
0.5796,b1582
0.6018,b1583
0.7716,b1584
0.8028,b1585
0.6147,b1586
0.8339,b1587
0.8602,b1588
0.8069,b1589
0.8168,b1590
0.7182,b1591
0.8601,b1592
0.7972,b1593
0.8266,b1594
0.7827,b1595
0.8144,b1596
0.7855,b1597
0.4164,b4601
0.8168,b1598
0.6192,b1599
0.6557,b1600
0.7838,b1601
0.7766,b1602
0.7854,b1603
0.7565,b1604
0.7622,b1605
0.7871,b1606
0.6958,b1607
0.8298,b1608
0.8006,b1609
0.8902,b1610
0.8272,b1611
0.7939,b1612
0.7584,b1613
0.8129,b1614
0.7907,b1615
0.7906,b1616
0.8068,b1617
0.8100,b1618
0.7962,b1619
0.8454,b1620
0.7752,b1621
0.8300,b1622
0.7937,b1623
0.8214,b1624
0.4819,b4409
0.6772,b1625
0.7276,b1626
0.7271,b1627
0.7766,b1628
0.8185,b1629
0.8020,b1630
0.8111,b1631
0.7783,b1632
0.8435,b1633
0.6837,b1634
0.8263,b1635
0.7816,b1636
0.7606,b1637
0.7013,b1638
0.6358,b1639
0.8386,b1640
0.6981,b1641
0.7955,b1642
0.7077,b1643
0.8328,b1644
0.8310,b1645
0.7062,b1646
0.7689,b1647
0.7479,b1648
0.8046,b1649
0.7382,b1650
0.5280,b1651
0.7742,b1652
0.8784,b1653
0.6031,b1654
0.8080,b1655
0.6669,b1656
0.7989,b1657
0.5479,b4602
0.7330,b1658
0.8206,b1659
0.8120,b1660
0.7689,b1661
0.7412,b1662
0.7873,b1663
0.8891,b1664
0.7372,b1667
0.8884,b1668
0.7979,b1669
0.8073,b1670
0.8705,b1671
0.8029,b1672
0.8363,b1673
0.7736,b1674
0.6078,b1675
0.5869,b1676
0.3765,b1677
0.8493,b1678
0.6525,b1679
0.8091,b1680
0.7828,b1681
0.8045,b1682
0.8484,b1683
0.7761,b1684
0.4993,b1685
0.7864,b1686
0.8345,b1687
0.7558,b1688
0.7812,b1689
0.8115,b1690
0.8591,b1691
0.7726,b1692
0.7548,b1693
0.8095,b1694
0.7271,b1695
0.8044,b1696
0.8170,b1697
0.7864,b1698
0.8270,b1699
0.7843,b1700
0.8194,b1701
0.7580,b1702
0.8387,b1703
0.8040,b1704
0.6575,b1705
0.8139,b1706
0.8149,b1707
0.7957,b1708
0.8120,b1709
0.7056,b1710
0.8161,b1711
0.7718,b1712
0.7413,b1713
0.6814,b1714
0.3734,b1715
0.5791,b1716
0.4674,b1717
0.7975,b1718
0.7972,b1719
0.0000,b4494
0.2896,b4535
0.8461,b1722
0.8594,b1723
0.6840,b1724
0.8407,b1725
0.7501,b1726
0.7606,b1727
0.8291,b1728
0.7343,b1729
0.8232,b1730
0.6200,b1731
0.8506,b1732
0.7468,b1733
0.8058,b1734
0.7713,b1735
0.6276,b1736
0.8099,b1737
0.5721,b1738
0.6833,b1739
0.8117,b1740
0.8071,b1741
0.7894,b1742
0.6319,b1743
0.8365,b1744
0.8472,b1745
0.8369,b1746
0.7763,b1747
0.8178,b1748
0.7407,b1749
0.8001,b1750
0.7564,b1751
0.7577,b1752
0.6973,b1753
0.8226,b1754
0.7816,b1755
0.8263,b1756
0.7793,b1757
0.7476,b1758
0.7589,b1759
0.7510,b1760
0.7860,b1761
0.8518,b1762
0.8259,b1763
0.7886,b1764
0.7163,b1765
0.8014,b1766
0.7842,b1767
0.8166,b1768
0.8621,b1769
0.8189,b1770
0.8283,b1771
0.8187,b1772
0.7369,b1773
0.7851,b1774
0.8084,b1775
0.8003,b1776
0.6474,b1777
0.7790,b1778
0.4394,b1779
0.7575,b1780
0.8007,b1781
0.6696,b1782
0.8541,b1783
0.8068,b1784
0.8492,b1785
0.8559,b1786
0.6891,b1787
0.4882,b1788
0.6831,b1789
0.8172,b1790
0.8563,b1791
0.6861,b1792
0.6427,b1793
0.8111,b1794
0.5771,b4676
0.3437,b4675
0.6848,b1795
0.6030,b1796
0.7326,b1797
0.7991,b1798
0.7656,b1799
0.7977,b1800
0.7741,b1801
0.7658,b1802
0.8609,b1803
0.7944,b1804
0.8168,b1805
0.7787,b1806
0.7149,b1807
0.8430,b1808
0.7217,b1809
0.6831,b1810
0.6397,b1811
0.8201,b1812
0.8190,b1813
0.7542,b1814
0.8408,b1815
0.7519,b1816
0.7642,b1817
0.6853,b1818
0.6908,b1819
0.7744,b1820
0.7132,b1821
0.8037,b1822
0.5636,b1823
0.5399,b1824
0.7290,b1825
0.6068,b1826
0.6473,b4536
0.7915,b1827
0.8525,b1828
0.7288,b1829
0.8359,b1830
0.8373,b1831
0.8072,b1832
0.8244,b1833
0.8268,b1834
0.8241,b1835
0.4674,b1836
0.5986,b1837
0.7180,b1838
0.6610,b1839
0.7423,b1840
0.7934,b1841
0.5926,b1842
0.7501,b1843
0.7493,b1844
0.8245,b1845
0.7632,b1846
0.7142,b1847
0.6911,b1848
0.8137,b1849
0.6167,b1850
0.7919,b1851
0.7654,b1852
0.8298,b1853
0.7599,b1854
0.7730,b1855
0.7974,b1856
0.8573,b1857
0.8049,b1858
0.7288,b1859
0.7811,b1860
0.7531,b1861
0.4059,b4677
0.8332,b1862
0.7519,b1863
0.6028,b1864
0.7763,b1865
0.6707,b1866
0.7139,b1867
0.8335,b1868
0.6304,b1869
0.7640,b1870
0.7517,b1871
0.7834,b1872
0.8530,b1873
0.8266,b1874
0.7706,b1875
0.7378,b1876
0.7569,b1877
0.7718,b1878
0.8269,b1879
0.7852,b1880
0.7464,b1881
0.7579,b1882
0.7997,b1883
0.8242,b1884
0.8132,b1885
0.8316,b1886
0.7612,b1887
0.8442,b1888
0.8058,b1889
0.8016,b1890
0.6773,b1891
0.7484,b1892
0.7360,b1893
0.6912,b1894
0.8048,b1895
0.8531,b1896
0.7854,b1897
0.8100,b4460
0.8046,b1900
0.7340,b1901
0.6921,b1902
0.6372,b4537
0.3014,b4663
0.7902,b1904
0.6847,b1905
0.6102,b1906
0.8155,b1907
0.7712,b1908
0.7567,b1912
0.8287,b1913
0.8335,b1914
0.6280,b1915
0.7822,b1916
0.8081,b1917
0.7104,b1918
0.7934,b1919
0.6994,b1920
0.8030,b1921
0.8387,b1922
0.8009,b1923
0.8079,b1924
0.7324,b1925
0.6817,b1926
0.8118,b1927
0.6747,b1928
0.7040,b1929
0.6368,b1930
0.7540,b1931
0.7502,b1932
0.0000,b4495
0.0000,b1936
0.6109,b1937
0.8080,b1938
0.7225,b1939
0.7934,b1940
0.7618,b1941
0.6230,b1942
0.8742,b1943
0.7890,b1944
0.6993,b1945
0.7076,b1946
0.8133,b1947
0.7605,b1948
0.5718,b1949
0.7409,b1950
0.7724,b1951
0.5770,b1952
0.5222,b1953
0.8110,b1955
0.8503,b1956
0.6263,b1957
0.7788,b1958
0.7768,b1959
0.7026,b1960
0.7794,b1961
0.8262,b1962
0.7338,b1963
0.0000,b4496
0.7959,b1967
0.8461,b1968
0.7939,b1969
0.8040,b1970
0.8263,b1971
0.7955,b1972
0.7550,b1973
0.7177,b1974
0.7808,b1976
0.9252,b1978
0.0000,b4497
0.8384,b1981
0.8486,b1982
0.7275,b1983
0.8435,b1985
0.8496,b1987
0.8728,b1988
0.8172,b1990
0.8669,b1991
0.7780,b1992
0.7687,b1993
0.0000,b4639
0.7585,b1994
0.0000,b4640
0.0000,b4641
0.0000,b4582
0.8225,b1996
0.7372,b1997
0.0000,b1999
0.8251,b2000
0.8484,b2001
0.6844,b2002
0.5211,b2003
0.6904,b2004
0.7559,b2005
0.0000,b2006
0.0000,b4642
0.0000,b4538
0.6486,b2007
0.8035,b2008
0.7595,b2009
0.8281,b2010
0.8211,b2011
0.6027,b2012
0.8298,b2013
0.6852,b2014
0.3029,b4678
0.8085,b2015
0.7948,b2016
0.6985,b4539
0.6999,b2017
0.4598,b2018
0.6848,b2019
0.8073,b2020
0.7482,b2021
0.7157,b2022
0.7278,b2023
0.7085,b2024
0.7444,b2025
0.6681,b2026
0.8340,b2027
0.8647,b2028
0.7338,b2029
0.0000,b4571
0.7578,b2030
0.7424,b2032
0.8126,b2033
0.7948,b2034
0.8050,b2035
0.8299,b2036
0.8055,b2037
0.7244,b2038
0.7706,b2039
0.8153,b2040
0.8047,b2041
0.8039,b2042
0.8793,b2043
0.7888,b2044
0.7684,b2045
0.7338,b2046
0.7324,b2047
0.7440,b2048
0.7149,b2049
0.7236,b2050
0.7954,b2051
0.7323,b2052
0.6870,b2053
0.7297,b2054
0.7741,b2055
0.8210,b2056
0.7715,b2057
0.7032,b2058
0.7213,b2059
0.7444,b2060
0.7427,b2061
0.7829,b2062
0.8013,b2063
0.8551,b2064
0.6595,b2065
0.7619,b2066
0.8247,b2067
0.7364,b2068
0.6874,b2069
0.8480,b2070
0.7884,b2071
0.7874,b2072
0.7267,b2073
0.3890,b4667
0.3198,b4668
0.7893,b2074
0.7737,b2075
0.7891,b2076
0.7611,b2077
0.8069,b2078
0.7615,b2079
0.7808,b2080
0.7597,b2081
0.7120,b2082
0.0000,b2083
0.6889,b2085
0.8020,b2086
0.0000,b4498
0.7456,b2088
0.7791,b2089
0.8188,b2091
0.7637,b2092
0.6418,b2093
0.8419,b2094
0.7832,b2095
0.8548,b2096
0.8383,b2097
0.7660,b2098
0.8087,b2099
0.8235,b2100
0.8040,b2101
0.8187,b2102
0.7933,b2103
0.8491,b2104
0.6936,b2105
0.7835,b2106
0.6897,b2107
0.8308,b2108
0.8401,b2109
0.7534,b2110
0.6842,b2111
0.7445,b2112
0.7780,b2113
0.7139,b2114
0.0000,b4499
0.8816,b2118
0.7680,b4541
0.7870,b2119
0.8565,b2120
0.8466,b2121
0.0000,b2122
0.7250,b2123
0.6794,b2124
0.7191,b2125
0.8504,b2126
0.7524,b2127
0.6713,b4542
0.7813,b2128
0.7765,b2129
0.7664,b2130
0.8492,b2131
0.7766,b2132
0.7948,b2133
0.6879,b2134
0.7334,b2135
0.6972,b2136
0.7781,b2137
0.0000,b2139
0.5749,b4679
0.7807,b2140
0.6945,b2141
0.7895,b2142
0.8260,b2143
0.8083,b2144
0.5381,b2145
0.8596,b2146
0.8032,b2147
0.7626,b2148
0.8157,b2149
0.7428,b2150
0.7916,b2151
0.8186,b2152
0.7267,b2153
0.7713,b2154
0.7906,b2155
0.6721,b2156
0.7850,b2157
0.7391,b2158
0.8019,b2159
0.8040,b2160
0.8428,b2161
0.8039,b2162
0.8320,b2163
0.7955,b2164
0.7012,b2165
0.8414,b2166
0.7167,b2167
0.7572,b2168
0.8062,b2169
0.7773,b2170
0.6626,b4502
0.6998,b2171
0.8170,b2172
0.7930,b2173
0.7770,b2174
0.7968,b2175
0.8352,b2176
0.8230,b2177
0.7584,b2178
0.8055,b2179
0.8703,b2180
0.7707,b2181
0.7642,b2182
0.7865,b2183
0.8203,b2184
0.4882,b2185
0.8068,b2186
0.6497,b2187
0.8283,b2188
0.0000,b2190
0.7578,b2192
0.7626,b2193
0.7403,b2194
0.6962,b2195
0.7346,b2196
0.6633,b2197
0.6147,b2198
0.6413,b2199
0.7689,b2200
0.8396,b2201
0.7718,b2202
0.6955,b2203
0.7708,b2204
0.8046,b2205
0.7024,b2206
0.6613,b2207
0.8606,b2208
0.4648,b4604
0.7606,b2209
0.7902,b2210
0.7724,b2211
0.7391,b2212
0.8409,b2213
0.7255,b2214
0.4296,b2215
0.8566,b2216
0.7784,b2217
0.8413,b2218
0.8426,b2219
0.8378,b2220
0.7859,b2221
0.6806,b2222
0.8085,b2223
0.8375,b2224
0.8412,b2225
0.8426,b2226
0.0000,b4500
0.7688,b2229
0.8273,b2230
0.7153,b2231
0.7291,b2232
0.8883,b2233
0.7308,b2234
0.7199,b2235
0.5957,b2236
0.7723,b2237
0.0000,b2238
0.7970,b2239
0.7585,b2240
0.7732,b2241
0.8302,b2242
0.7686,b2243
0.8240,b2244
0.5829,b4543
0.8114,b2245
0.7922,b2246
0.7555,b2247
0.8275,b2248
0.8336,b2249
0.7909,b2250
0.7718,b2251
0.7485,b2252
0.8256,b2253
0.8016,b2254
0.7948,b2255
0.7767,b2256
0.8106,b2257
0.6845,b4544
0.6743,b2258
0.6725,b2259
0.8249,b2260
0.7664,b2261
0.5815,b2262
0.8477,b2263
0.7967,b2264
0.8414,b2265
0.7523,b2266
0.7057,b2267
0.7830,b2268
0.8086,b2269
0.8874,b2270
0.8451,b2271
0.7584,b2272
0.8032,b2273
0.7058,b2274
0.7686,b2275
0.7250,b2276
0.7145,b2277
0.6892,b2278
0.6764,b2279
0.6682,b2280
0.6645,b2281
0.6659,b2282
0.7226,b2283
0.7189,b2284
0.7310,b2285
0.6946,b2286
0.7427,b2287
0.6627,b2288
0.8230,b2289
0.7784,b2290
0.7668,b2291
0.7947,b2292
0.7730,b2293
0.7065,b2294
0.7173,b2295
0.6224,b2296
0.6018,b2297
0.8051,b2298
0.7309,b2299
0.7844,b2300
0.7872,b2301
0.7936,b2302
0.7090,b2303
0.7341,b2304
0.8089,b2305
0.8043,b2306
0.7920,b2307
0.8126,b2308
0.8249,b2309
0.8345,b2310
0.6869,b2311
0.7609,b2312
0.7787,b2313
0.7334,b2314
0.7957,b2315
0.7411,b2316
0.8122,b2317
0.8389,b2318
0.7478,b2319
0.8216,b2320
0.7733,b2321
0.7981,b2322
0.6658,b2323
0.8327,b2324
0.6171,b2325
0.7682,b2326
0.7994,b2327
0.8272,b2328
0.7698,b2329
0.7087,b2330
0.6838,b2331
0.8360,b2332
0.8220,b2333
0.7963,b2334
0.8158,b2335
0.7709,b2336
0.0000,b4661
0.6864,b2339
0.7534,b2340
0.8795,b2341
0.8287,b2342
0.6303,b2343
0.7972,b2344
0.8441,b2345
0.7223,b2346
0.7716,b2347
0.8555,b2349
0.7847,b2350
0.8199,b2351
0.7491,b2352
0.0000,b2353
0.7457,b2354
0.0000,b2355
0.0000,b2356
0.8044,b2357
0.0000,b2358
0.6912,b2359
0.7512,b2360
0.7860,b2361
0.6216,b2362
0.6873,b2363
0.0000,b4545
0.6539,b4501
0.8245,b2364
0.8389,b2365
0.8040,b2366
0.8265,b2367
0.8270,b2368
0.7739,b2369
0.8846,b2370
0.8355,b2371
0.8048,b2372
0.7834,b2373
0.8000,b2374
0.8154,b2375
0.6983,b2376
0.7291,b2377
0.7604,b2378
0.3174,b4680
0.7381,b2379
0.8143,b2380
0.7251,b2381
0.7341,b2382
0.7802,b2383
0.7607,b2384
0.8279,b2385
0.7556,b2386
0.6120,b2387
0.7930,b2388
0.8521,b2389
0.6899,b2390
0.7808,b2392
0.6883,b2393
0.8821,b2394
0.8350,b2395
0.6477,b2398
0.7376,b2399
0.7071,b2400
0.8106,b2405
0.8073,b2406
0.8029,b2407
0.8283,b2408
0.8365,b2409
0.7872,b2410
0.6569,b4546
0.8041,b2411
0.8041,b2412
0.7600,b2413
0.7732,b2414
0.6105,b2415
0.7752,b2416
0.6890,b2417
0.8217,b2418
0.7386,b2419
0.7691,b2420
0.7391,b2421
0.7086,b2422
0.6437,b2423
0.6818,b2424
0.6936,b2425
0.7349,b2426
0.7847,b2427
0.7560,b2428
0.7894,b2429
0.7854,b2430
0.6900,b2431
0.6886,b2432
0.6826,b2433
0.7275,b2434
0.7797,b2435
0.7856,b2436
0.7455,b2437
0.7931,b2438
0.7196,b2439
0.7136,b2440
0.7486,b2441
0.8849,b2442
0.8110,b2443
0.6927,b2444
0.7894,b2445
0.7379,b2446
0.7847,b2447
0.7996,b2448
0.7585,b2449
0.8098,b2450
0.8098,b2451
0.7133,b2452
0.7402,b2453
0.7970,b2454
0.7593,b2455
0.7086,b2456
0.6008,b2457
0.7993,b2458
0.7140,b2459
0.6679,b2460
0.8042,b2461
0.6516,b2462
0.7533,b2463
0.8508,b2464
0.8303,b2465
0.7980,b2466
0.7909,b2467
0.8406,b2468
0.8464,b2469
0.8289,b2470
0.2242,b4606
0.7210,b2471
0.7839,b2472
0.5764,b4547
0.7512,b2473
0.8749,b2474
0.8134,b2475
0.6709,b2476
0.7730,b2477
0.8201,b2478
0.8044,b2479
0.7350,b2480
0.8322,b2481
0.8328,b2482
0.7788,b2483
0.7688,b2484
0.7353,b2485
0.8304,b2486
0.7875,b2487
0.7923,b2488
0.8524,b2489
0.7529,b2490
0.8776,b2491
0.7466,b2492
0.7309,b2493
0.7949,b2494
0.7001,b2495
0.7760,b2496
0.8120,b2497
0.6551,b2498
0.7606,b2499
0.7866,b2500
0.8271,b2501
0.8265,b2502
0.8325,b2503
0.5470,b2504
0.7754,b2505
0.8301,b2506
0.6963,b2507
0.6186,b2508
0.8568,b2509
0.6517,b2510
0.7811,b2511
0.7891,b2512
0.7231,b2513
0.7915,b2514
0.7640,b2515
0.8435,b2516
0.6938,b2517
0.5308,b2518
0.8079,b2519
0.8318,b2520
0.7925,b2521
0.7830,b2522
0.7688,b2523
0.6158,b2524
0.6862,b2525
0.7675,b2526
0.7207,b2527
0.6753,b2528
0.6378,b2529
0.6632,b2530
0.6889,b2531
0.7103,b2532
0.6290,b2533
0.8313,b2534
0.8595,b2535
0.7901,b2536
0.7945,b2537
0.8024,b2538
0.7637,b2539
0.7337,b2540
0.7964,b2541
0.8095,b2542
0.7662,b2543
0.7668,b2544
0.7296,b2545
0.7669,b2546
0.8070,b2547
0.7871,b2548
0.8115,b2549
0.7954,b2550
0.6187,b2551
0.7708,b2552
0.6529,b2553
0.7952,b2554
0.8289,b2555
0.8326,b2556
0.7675,b2557
0.8339,b2558
0.7079,b2559
0.7629,b2560
0.8209,b2561
0.6165,b2562
0.3455,b4687
0.7030,b2563
0.7201,b2564
0.7727,b2565
0.6948,b2566
0.8006,b2567
0.7776,b2568
0.7460,b2569
0.8372,b2570
0.8394,b2571
0.7959,b2572
0.8073,b2573
0.8419,b2574
0.7487,b2575
0.7765,b2576
0.8300,b2577
0.7424,b2578
0.4788,b2579
0.8324,b2580
0.6999,b2581
0.7809,b2582
0.7919,b2583
0.8445,b2584
0.8446,b2585
0.6354,b2586
0.8495,b2587
0.7849,b2592
0.8340,b2593
0.7634,b2594
0.7681,b2595
0.6541,b2597
0.5640,b2598
0.8499,b2599
0.7903,b2600
0.7721,b2601
0.6822,b2602
0.8207,b2603
0.8227,b2604
0.8518,b2605
0.5508,b2606
0.8178,b2607
0.7238,b2608
0.4875,b2609
0.7604,b2610
0.7709,b2611
0.7895,b4461
0.6872,b2614
0.8678,b2615
0.8111,b2616
0.7174,b2617
0.7192,b2618
0.7367,b2619
0.6938,b2620
0.8507,b2622
0.7869,b2623
0.6084,b2624
0.8324,b2625
0.8541,b2626
0.9283,b2627
0.9077,b2628
0.6421,b2629
0.8774,b2630
0.7616,b2631
0.8335,b2632
0.8256,b2633
0.7860,b2634
0.6546,b2635
0.7615,b2636
0.8200,b2637
0.0000,b2638
0.0000,b2641
0.8083,b2642
0.0000,b4644
0.6860,b2643
0.8005,b2644
0.7076,b4548
0.6769,b2645
0.7301,b2646
0.9310,b2647
0.0000,b2648
0.0000,b2650
0.0000,b4462
0.7831,b2659
0.7876,b2660
0.6773,b2661
0.7436,b2662
0.7983,b2663
0.7172,b2664
0.7821,b2665
0.4265,b2666
0.7485,b2667
0.7573,b2668
0.6057,b2669
0.6814,b2670
0.7159,b2671
0.7394,b2672
0.5481,b2673
0.7496,b2674
0.8432,b2675
0.8415,b2676
0.7775,b2677
0.7517,b2678
0.7584,b2679
0.0000,b2681
0.7823,b2682
0.6416,b2683
0.7429,b2684
0.7855,b2685
0.7734,b2686
0.6866,b2687
0.7918,b2688
0.6947,b2689
0.7597,b2690
0.5925,b2696
0.7924,b2697
0.6575,b2698
0.6232,b2699
0.7554,b2700
0.7791,b2701
0.7567,b2702
0.8004,b2703
0.7030,b2704
0.8237,b2705
0.7632,b2706
0.8176,b2707
0.7172,b2708
0.8322,b2709
0.7546,b2710
0.7688,b2711
0.8177,b2712
0.6322,b2713
0.7893,b2714
0.7325,b2715
0.7837,b2716
0.7176,b2717
0.6637,b2718
0.6934,b2719
0.7213,b2720
0.6472,b2721
0.6411,b2722
0.7274,b2723
0.7833,b2724
0.7607,b2725
0.6839,b2726
0.6681,b2727
0.5878,b2728
0.8050,b2729
0.8026,b2730
0.8144,b2731
0.6853,b2732
0.7975,b2733
0.8155,b2734
0.8421,b2735
0.8252,b2736
0.8449,b2737
0.8140,b2738
0.8424,b2739
0.8558,b2740
0.8078,b2741
0.8677,b2742
0.8046,b2743
0.7522,b2744
0.8091,b2745
0.7637,b2746
0.8404,b2747
0.7712,b2748
0.7052,b2749
0.7756,b2750
0.7685,b2751
0.7130,b2752
0.8592,b2753
0.6997,b2754
0.8527,b2755
0.8191,b2756
0.8206,b2757
0.7882,b2758
0.7490,b2759
0.8543,b2760
0.8527,b2761
0.7309,b2762
0.7286,b2763
0.8063,b2764
0.6260,b2765
0.8087,b2766
0.7486,b2767
0.7481,b2768
0.8184,b2769
0.7938,b2770
0.8139,b2771
0.7745,b4463
0.7631,b2774
0.7802,b2775
0.7971,b2776
0.7681,b2777
0.3931,b4682
0.8312,b2778
0.4373,b2779
0.7661,b2780
0.7311,b2781
0.6685,b2782
0.6591,b2783
0.8203,b2784
0.8125,b2785
0.8230,b2786
0.7356,b2787
0.7878,b2788
0.7984,b2789
0.6316,b2790
0.7557,b2791
0.6851,b2792
0.8202,b2793
0.8401,b2794
0.7865,b2795
0.5653,b2796
0.7245,b2797
0.7746,b2798
0.8041,b2799
0.8129,b2800
0.8638,b2801
0.7722,b2802
0.8267,b2803
0.7155,b2804
0.8231,b2805
0.7557,b2806
0.6153,b2807
0.8405,b2808
0.5247,b2809
0.7836,b2810
0.7297,b2811
0.7083,b2812
0.7518,b2813
0.8541,b2817
0.8627,b2818
0.8537,b2819
0.8340,b2820
0.8474,b2821
0.8285,b2822
0.7678,b2823
0.6548,b2824
0.7436,b2825
0.7894,b2826
0.7012,b2827
0.7552,b2828
0.8355,b2829
0.7580,b2830
0.8139,b2831
0.7612,b2832
0.4122,b2833
0.8157,b2834
0.8108,b2835
0.8241,b2836
0.8327,b2837
0.7894,b2838
0.8423,b2839
0.7296,b2840
0.7585,b2841
0.8234,b2842
0.8032,b2843
0.8394,b2844
0.8521,b2845
0.7721,b2846
0.8703,b2847
0.7214,b2848
0.3705,b4683
0.7203,b2849
0.0000,b2850
0.7500,b2851
0.8633,b2852
0.4864,b2853
0.0000,b2854
0.0000,b2856
0.0000,b2858
0.0000,b2859
0.8225,b2860
0.7372,b2861
0.0000,b2863
0.7978,b2865
0.8735,b2866
0.8184,b2867
0.8103,b2868
0.8668,b2869
0.7307,b2870
0.7611,b2871
0.6587,b2872
0.8398,b2873
0.7464,b2874
0.8206,b2875
0.8345,b2876
0.7280,b2877
0.8411,b2878
0.8321,b2879
0.7893,b2880
0.8240,b2881
0.8435,b2882
0.8013,b2883
0.8275,b4464
0.8317,b2886
0.8765,b2887
0.8551,b2888
0.4891,b4684
0.7332,b2889
0.6676,b2890
0.7207,b2891
0.8315,b2892
0.7904,b2893
0.7771,b2894
0.7282,b2895
0.6539,b2896
0.5426,b2897
0.7318,b2898
0.8019,b2899
0.6641,b2900
0.7459,b2901
0.8128,b2902
0.7176,b2903
0.5824,b2904
0.7406,b2905
0.7788,b2906
0.8222,b2907
0.7778,b2908
0.7734,b2909
0.7610,b2910
0.8294,b2912
0.5154,b4665
0.7742,b2913
0.6885,b2914
0.0000,b2915
0.8419,b2916
0.8166,b2917
0.8031,b2918
0.7042,b2919
0.7968,b2920
0.7833,b2921
0.7887,b2922
0.7611,b2923
0.8055,b2924
0.5290,b2925
0.5779,b2926
0.8498,b2927
0.8375,b2928
0.7614,b2929
0.7593,b2930
0.7967,b4465
0.8309,b2933
0.7592,b2934
0.5790,b2935
0.8072,b2936
0.7359,b2937
0.7687,b2938
0.5081,b2939
0.7093,b2940
0.6889,b2942
0.7250,b2943
0.7430,b2944
0.7745,b2945
0.7632,b2946
0.7364,b2947
0.7260,b2948
0.6864,b2949
0.8051,b2950
0.7801,b2951
0.6273,b2952
0.6607,b2953
0.7041,b2954
0.8140,b2955
0.8040,b2956
0.7757,b2957
0.6745,b2958
0.5704,b2959
0.6943,b2960
0.7951,b2961
0.7030,b2962
0.7747,b2963
0.7528,b2964
0.8315,b2965
0.7946,b2966
0.7465,b2968
0.0000,b2969
0.0000,b2970
0.7570,b2971
0.8245,b2972
0.8334,b4466
0.8272,b2975
0.7616,b2976
0.7023,b2977
0.8067,b4467
0.7878,b4468
0.8419,b2979
0.8101,b2980
0.0000,b2981
0.7578,b2982
0.8023,b2983
0.7750,b2984
0.7928,b2985
0.7347,b2986
0.8190,b2987
0.7771,b2988
0.7808,b2989
0.5988,b2990
0.6992,b2991
0.7041,b2992
0.7401,b2993
0.7313,b2994
0.7040,b2995
0.7619,b2996
0.7636,b2997
0.6734,b2998
0.0000,b4658
0.7894,b3001
0.7203,b3002
0.8472,b3003
0.6689,b3005
0.7742,b3006
0.8286,b3008
0.7143,b3009
0.7856,b3010
0.7387,b3011
0.7842,b3012
0.8017,b3013
0.7583,b3014
0.7681,b4469
0.8113,b3017
0.8383,b3018
0.7485,b3019
0.8608,b3020
0.7897,b3021
0.6773,b3022
0.7287,b3023
0.6338,b3024
0.6988,b3025
0.8487,b3026
0.6629,b3027
0.6898,b3028
0.6350,b3029
0.7892,b3030
0.7598,b3031
0.7929,b3032
0.7088,b3033
0.8195,b3034
0.8320,b3035
0.7051,b3037
0.7778,b3038
0.7576,b3039
0.8067,b3040
0.6875,b3041
0.7415,b3042
0.6831,b3043
0.0000,b3046
0.7372,b3044
0.8225,b3045
0.8031,b3047
0.8313,b3048
0.5679,b3049
0.7474,b3050
0.8463,b3051
0.5608,b4664
0.4495,b4666
0.7735,b3052
0.7918,b3053
0.7683,b3054
0.6726,b3055
0.8037,b3056
0.7292,b3057
0.7324,b3058
0.7948,b3059
0.7996,b3060
0.7814,b3061
0.6643,b3062
0.7954,b3063
0.7665,b3064
0.5038,b3065
0.8928,b3066
0.6630,b3067
0.8101,b3068
0.8039,b3070
0.7429,b3071
0.7738,b3072
0.8291,b3073
0.6351,b3074
0.8104,b3075
0.7822,b3076
0.7822,b3077
0.7874,b3078
0.8041,b3079
0.7822,b3080
0.8130,b3081
0.7471,b3082
0.6924,b3083
0.7911,b3084
0.7498,b3085
0.8305,b3086
0.7491,b3087
0.7139,b3088
0.7541,b3089
0.7559,b3090
0.7874,b3091
0.6130,b3092
0.6779,b3093
0.7594,b3094
0.7310,b3095
0.7327,b3096
0.8042,b3097
0.7007,b3098
0.7370,b3099
0.5927,b3100
0.6192,b3101
0.8067,b3102
0.6262,b3103
0.7443,b3104
0.7503,b3105
0.8315,b3106
0.5862,b3107
0.7813,b4470
0.7695,b3110
0.8137,b4471
0.6717,b3113
0.7661,b3114
0.8034,b3115
0.7513,b3116
0.7437,b3117
0.8480,b3118
0.6507,b3119
0.7474,b3120
0.7958,b3121
0.8397,b3124
0.7478,b3125
0.7854,b3126
0.7820,b3127
0.8276,b3128
0.8111,b3129
0.7906,b3130
0.8075,b3131
0.7631,b3132
0.7625,b3133
0.0000,b3134
0.0000,b3135
0.7421,b3136
0.7982,b3137
0.7220,b3138
0.8152,b3139
0.7571,b3140
0.8265,b3141
0.7977,b3142
0.8405,b3143
0.8743,b3144
0.8929,b3145
0.7755,b3146
0.8078,b3147
0.7552,b3148
0.7718,b3149
0.7121,b3150
0.7170,b3151
0.7308,b3152
0.7008,b3153
0.7323,b3154
0.7087,b3155
0.6917,b3156
0.6646,b3157
0.7931,b3158
0.7627,b3159
0.8100,b3160
0.7418,b3161
0.6234,b3162
0.3038,b4685
0.9038,b3163
0.6265,b3164
0.3464,b3165
0.7525,b3166
0.5608,b3167
0.7137,b3168
0.6971,b3169
0.6906,b3170
0.7552,b3172
0.8799,b3173
0.6302,b3175
0.7663,b3176
0.8534,b3177
0.7216,b3178
0.7935,b3179
0.6528,b3180
0.6609,b3181
0.8633,b3182
0.7289,b3183
0.8166,b3184
0.4935,b3185
0.6303,b3186
0.7819,b3187
0.5934,b3188
0.7358,b3189
0.5284,b3190
0.6699,b3191
0.7097,b3192
0.7179,b3193
0.7420,b3194
0.8011,b3195
0.8551,b3196
0.7953,b3197
0.7879,b3198
0.8240,b3199
0.7300,b3200
0.7722,b3201
0.8492,b3202
0.7139,b3203
0.7224,b3204
0.7789,b3205
0.6509,b3206
0.8408,b3207
0.8135,b3208
0.7226,b3209
0.8077,b3210
0.7822,b3211
0.7661,b3212
0.7108,b3213
0.8389,b3214
0.8313,b3215
0.8828,b3216
0.0000,b4569
0.7578,b3218
0.8281,b3219
0.8697,b3220
0.8159,b3221
0.8171,b3222
0.7667,b3223
0.7576,b3224
0.7958,b3225
0.7103,b3226
0.8180,b3227
0.7776,b3228
0.6997,b3229
0.4078,b3230
0.5717,b3231
0.8195,b3232
0.6450,b3233
0.8017,b3234
0.8044,b3235
0.6936,b3236
0.7464,b3237
0.6313,b3238
0.6136,b3239
0.8287,b3240
0.8061,b3241
0.6857,b3242
0.7954,b3243
0.7559,b3244
0.8355,b4472
0.8117,b3247
0.8015,b3248
0.7328,b3249
0.7886,b3250
0.6715,b3251
0.8438,b3252
0.7837,b3253
0.0000,b4697
0.0000,b4646
0.6888,b3255
0.7134,b3256
0.5364,b3257
0.8005,b3258
0.7135,b3259
0.8524,b3260
0.6090,b3261
0.7959,b3262
0.4990,b3263
0.8164,b3264
0.8552,b3265
0.8558,b3266
0.5854,b3267
0.0000,b3268
0.8581,b3269
0.7784,b3270
0.7707,b3271
0.8073,b3279
0.6272,b3280
0.8505,b3281
0.8508,b3282
0.8793,b3283
0.7429,b3284
0.8694,b4473
0.7030,b3287
0.7748,b3288
0.8341,b3289
0.8403,b3290
0.6636,b3291
0.6436,b4550
0.7818,b3292
0.7789,b3293
0.5860,b3294
0.7871,b3295
0.7111,b3296
0.6223,b3297
0.6341,b3298
0.5030,b3299
0.8226,b3300
0.5078,b3301
0.4320,b3302
0.6111,b3303
0.6696,b3304
0.6137,b3305
0.6157,b3306
0.5425,b3307
0.6418,b3308
0.6769,b3309
0.6993,b3310
0.5050,b3311
0.5210,b3312
0.5866,b3313
0.5388,b3314
0.6218,b3315
0.7086,b3316
0.5857,b3317
0.4869,b3318
0.5959,b3319
0.5324,b3320
0.5817,b3321
0.7724,b3322
0.8698,b3323
0.8837,b3324
0.8942,b3325
0.8542,b3326
0.8284,b3327
0.7839,b3328
0.7992,b3329
0.7319,b3330
0.8433,b3331
0.8678,b3332
0.8604,b3333
0.8133,b3334
0.8220,b3335
0.7108,b3336
0.6096,b3337
0.8137,b3338
0.4726,b3339
0.5379,b3340
0.6502,b3341
0.5487,b3342
0.6820,b3343
0.6938,b3344
0.8511,b3345
0.8166,b3346
0.7457,b3347
0.5334,b3348
0.6146,b3349
0.6129,b4551
0.8055,b3350
0.7413,b3351
0.7786,b3352
0.7797,b3353
0.5833,b3354
0.7900,b3355
0.7013,b3356
0.7052,b3357
0.8364,b3358
0.7711,b3359
0.8004,b3360
0.7371,b3361
0.5759,b3362
0.7622,b3363
0.7740,b3364
0.6962,b3365
0.5008,b3366
0.7358,b3367
0.7768,b3368
0.4002,b3369
0.7850,b3370
0.7062,b3371
0.7111,b4474
0.7511,b3374
0.7905,b3375
0.8184,b3376
0.7847,b3377
0.7485,b3378
0.7700,b3379
0.7704,b3380
0.8276,b3381
0.6813,b3382
0.7817,b3383
0.7472,b3384
0.8205,b3385
0.7577,b3386
0.8775,b3387
0.8155,b3388
0.8297,b3389
0.7362,b3390
0.8558,b3391
0.7475,b3392
0.7560,b3393
0.7890,b3394
0.7924,b3395
0.7990,b3396
0.7956,b3397
0.8284,b3398
0.8325,b3399
0.7180,b3400
0.6810,b3401
0.8366,b3402
0.7087,b3403
0.8006,b3404
0.7008,b3405
0.6929,b3406
0.7571,b3407
0.5073,b3408
0.7539,b3409
0.5862,b3410
0.8280,b3411
0.7721,b3412
0.7692,b3413
0.6937,b3414
0.6986,b3415
0.7885,b3416
0.7643,b3417
0.7951,b3418
0.7810,b4475
0.7183,b3421
0.7759,b3422
0.7497,b3423
0.7298,b3424
0.6796,b3425
0.7637,b3426
0.0000,b3427
0.8098,b3428
0.8526,b3429
0.7871,b3430
0.8587,b3431
0.8102,b3432
0.8147,b3433
0.7200,b3434
0.7664,b4476
0.6725,b3437
0.7938,b3438
0.6575,b3439
0.8118,b3440
0.7856,b3441
0.8220,b3442
0.0000,b3443
0.6912,b3444
0.7360,b3445
0.6008,b4612
0.7016,b3446
0.8159,b3447
0.7002,b3448
0.7518,b3449
0.7179,b3450
0.6965,b3451
0.7516,b3452
0.7673,b3453
0.7071,b3454
0.7249,b3455
0.7407,b3456
0.6622,b3457
0.7747,b3458
0.7173,b3459
0.7335,b3460
0.6776,b3461
0.7791,b3462
0.7342,b3463
0.8022,b3464
0.7897,b3465
0.6192,b3466
0.7478,b3467
0.6994,b3468
0.8079,b3469
0.5538,b3470
0.7708,b3471
0.7436,b3472
0.8159,b3473
0.7442,b3474
0.7500,b3475
0.7729,b3476
0.6672,b3477
0.6177,b3478
0.7474,b3479
0.7493,b3480
0.6938,b3481
0.8133,b3482
0.6983,b3483
0.0000,b4552
0.8733,b3484
0.7155,b3485
0.8057,b3486
0.7797,b3487
0.8332,b3488
0.0000,b4660
0.8783,b3491
0.8407,b3492
0.7769,b3493
0.6232,b3494
0.6734,b3495
0.8192,b3496
0.7712,b3497
0.7506,b3498
0.7191,b3499
0.7456,b3500
0.5162,b4613
0.7773,b3501
0.7519,b3502
0.6661,b3503
0.0000,b3504
0.7578,b3505
0.7641,b3506
0.7897,b3507
0.7782,b3508
0.6236,b3509
0.5880,b3510
0.7514,b3511
0.7608,b3512
0.7928,b3513
0.8241,b3514
0.8466,b3515
0.8218,b3516
0.7221,b3517
0.8048,b3518
0.7809,b3519
0.6896,b3520
0.8185,b3521
0.7356,b3522
0.7807,b3523
0.8280,b3524
0.8083,b3525
0.7142,b3526
0.8140,b3527
0.7750,b3528
0.8046,b3529
0.8060,b3530
0.7770,b3531
0.7662,b3532
0.7675,b3533
0.0000,b3534
0.6314,b3535
0.8354,b3536
0.5836,b3537
0.8453,b3538
0.3181,b4453
0.8433,b3539
0.7724,b3540
0.7326,b3541
0.6732,b3542
0.7226,b3543
0.7136,b3544
0.7924,b3546
0.7734,b3547
0.7752,b3548
0.7740,b3549
0.6525,b3550
0.8224,b3551
0.7055,b3552
0.8336,b3553
0.7942,b3554
0.6634,b3555
0.3253,b3556
0.0000,b4647
0.4934,b4455
0.8552,b3557
0.8626,b3558
0.6962,b3559
0.6525,b3560
0.7282,b4553
0.8213,b3561
0.7404,b3562
0.5365,b3563
0.8427,b3564
0.7894,b3565
0.7963,b3566
0.8446,b3567
0.8011,b3568
0.8332,b3569
0.8600,b3570
0.8358,b3571
0.7925,b3572
0.7947,b3573
0.7856,b3574
0.7602,b3575
0.8061,b3576
0.7337,b3577
0.7680,b3578
0.7811,b3579
0.7910,b3580
0.7968,b3581
0.7363,b3582
0.7811,b3583
0.0000,b4648
0.0000,b4649
0.7631,b3584
0.8443,b3585
0.8007,b3586
0.5846,b3587
0.7695,b3588
0.7608,b3589
0.8142,b3590
0.8186,b3591
0.7461,b3592
0.7994,b3593
0.7566,b3594
0.0000,b3595
0.6953,b3596
0.0000,b4650
0.0000,b4651
0.0000,b4615
0.0000,b4652
0.8567,b3597
0.6098,b3598
0.7061,b3599
0.7550,b3600
0.8038,b3601
0.5966,b4554
0.6437,b3602
0.8141,b3603
0.7943,b3604
0.7459,b3605
0.7387,b3606
0.7603,b3607
0.8099,b3608
0.5918,b3609
0.5817,b3610
0.7515,b3611
0.6830,b3612
0.8224,b3613
0.8442,b3614
0.7998,b3615
0.7207,b3616
0.7382,b3617
0.8061,b3618
0.7358,b3619
0.8036,b3620
0.8308,b3621
0.8039,b3622
0.7713,b3623
0.7646,b3624
0.7761,b3625
0.7488,b3626
0.7775,b3627
0.7587,b3628
0.7385,b3629
0.7768,b3630
0.8155,b3631
0.8453,b3632
0.8303,b3633
0.6455,b3634
0.7600,b3635
0.4726,b3636
0.5184,b3637
0.8426,b3638
0.8350,b3639
0.6635,b3640
0.7392,b3641
0.7675,b3642
0.7482,b3643
0.7320,b3644
0.8988,b3645
0.7509,b3646
0.8177,b3647
0.7714,b3648
0.6055,b3649
0.8061,b3650
0.7373,b3651
0.7848,b3652
0.7529,b3653
0.7320,b3654
0.8234,b3655
0.8241,b3656
0.8006,b3657
0.0000,b4653
0.8533,b3659
0.8304,b3660
0.8435,b3661
0.6947,b4555
0.7886,b3662
0.7676,b3663
0.8201,b3664
0.8167,b3665
0.7521,b3666
0.7831,b3667
0.7891,b3668
0.6824,b3669
0.6711,b3670
0.7819,b3671
0.4099,b3672
0.5234,b4618
0.7352,b3673
0.8055,b3674
0.6976,b3675
0.7040,b3676
0.7652,b3677
0.8120,b3678
0.7955,b3679
0.8327,b3680
0.0000,b4556
0.0000,b3683
0.8094,b3684
0.7952,b3685
0.6732,b3686
0.6592,b3687
0.6173,b3688
0.8090,b3689
0.8069,b3690
0.7461,b3691
0.7246,b4478
0.8024,b4477
0.8109,b3693
0.7622,b4479
0.8217,b3696
0.7223,b3697
0.6708,b3698
0.6670,b3699
0.8574,b3700
0.7171,b3701
0.8299,b3702
0.4531,b3703
0.7712,b3704
0.8038,b4557
0.6672,b3705
0.7901,b3706
0.5018,b3707
0.7393,b3708
0.8478,b3709
0.8232,b3710
0.7525,b3711
0.7811,b3712
0.7104,b3713
0.7615,b3714
0.7652,b3715
0.8483,b3716
0.7731,b3717
0.7843,b3718
0.8040,b3719
0.7900,b3720
0.8310,b3721
0.8696,b3722
0.8097,b3723
0.6673,b3724
0.6615,b3725
0.5920,b3726
0.7114,b3727
0.6919,b3728
0.7113,b3729
0.7567,b3730
0.6852,b3731
0.6015,b3732
0.7277,b3733
0.6127,b3734
0.7621,b3735
0.7430,b3736
0.4583,b3737
0.7187,b3738
0.7280,b3739
0.7432,b3740
0.7959,b3741
0.7147,b3742
0.7818,b3743
0.7588,b3744
0.8016,b3745
0.7822,b3746
0.8237,b3747
0.7178,b3748
0.7607,b3749
0.7935,b3750
0.7638,b3751
0.8276,b3752
0.7630,b3753
0.8478,b3754
0.8346,b3755
0.8052,b4480
0.7332,b3764
0.8642,b3765
0.3847,b3766
0.3535,b4669
0.0000,b4488
0.5839,b3769
0.7178,b3770
0.7555,b3771
0.7388,b3772
0.7067,b3773
0.6646,b3774
0.6074,b3775
0.0000,b3777
0.7868,b3778
0.7769,b3779
0.7609,b3780
0.5773,b3781
0.7045,b3783
0.8260,b3784
0.7609,b3785
0.8436,b3786
0.7944,b3787
0.7758,b3788
0.7637,b3789
0.8061,b3790
0.7084,b3791
0.7822,b3792
0.8501,b4481
0.7528,b3793
0.7772,b3794
0.7618,b3795
0.8508,b3800
0.8215,b3801
0.7548,b3802
0.8369,b3803
0.8502,b3804
0.7950,b3805
0.8366,b3806
0.5656,b3807
0.5644,b4558
0.7889,b3809
0.7732,b3810
0.7639,b3811
0.7799,b3812
0.7455,b3813
0.7257,b4482
0.7494,b3816
0.6481,b3817
0.6871,b3818
0.7525,b3819
0.6663,b3820
0.7854,b3821
0.7632,b3822
0.6943,b3823
0.7751,b3824
0.8401,b3825
0.7550,b3826
0.6983,b3827
0.7900,b3828
0.7747,b3829
0.8158,b3830
0.7116,b3831
0.8100,b3832
0.7678,b3833
0.7352,b3834
0.8300,b3835
0.6241,b3836
0.8044,b3838
0.7430,b3839
0.7794,b4483
0.8335,b3842
0.7813,b3843
0.7701,b3844
0.6794,b3845
0.7357,b3846
0.7085,b3847
0.8112,b3848
0.7685,b3849
0.7481,b3850
0.7782,b3856
0.7500,b3857
0.5920,b3858
0.8058,b3859
0.6537,b3860
0.8375,b3861
0.8390,b3862
0.8089,b3863
0.7331,b3865
0.7031,b3866
0.8016,b3867
0.4238,b4686
0.7916,b3868
0.7858,b3869
0.6702,b3870
0.6336,b3871
0.8562,b3872
0.8222,b3873
0.8252,b3874
0.8402,b3875
0.8149,b3876
0.7925,b3877
0.7796,b3878
0.8088,b3879
0.7385,b3880
0.7715,b3881
0.7456,b3882
0.8333,b3883
0.8361,b3884
0.7735,b3885
0.8085,b3886
0.8063,b3887
0.7820,b3888
0.6669,b3889
0.6853,b3890
0.7780,b3891
0.7100,b3892
0.7666,b3893
0.7724,b3894
0.8493,b3895
0.8285,b3896
0.8658,b3897
0.7975,b3898
0.7837,b3899
0.7776,b3900
0.6490,b3901
0.7529,b3902
0.7754,b3903
0.8103,b3904
0.7800,b3905
0.7645,b3906
0.7619,b3907
0.5332,b3908
0.7763,b3909
0.8362,b3910
0.7170,b3911
0.7945,b3912
0.7709,b4484
0.7964,b3915
0.5581,b3916
0.8086,b3917
0.7397,b3918
0.5394,b3919
0.8321,b3920
0.6775,b3921
0.7680,b3922
0.7574,b3923
0.7638,b3924
0.6847,b3925
0.7271,b3926
0.7974,b3927
0.5302,b3928
0.7797,b3929
0.8020,b3930
0.7043,b3931
0.6836,b3932
0.8449,b3933
0.8333,b3934
0.8108,b3935
0.4399,b3936
0.7655,b3937
0.6712,b3938
0.7771,b3939
0.7804,b3940
0.7402,b3941
0.7344,b3942
0.7606,b3943
0.8226,b3944
0.7853,b3945
0.8019,b3946
0.7892,b3947
0.7250,b3949
0.6610,b3950
0.8162,b3951
0.7668,b3952
0.6691,b3953
0.7921,b3954
0.7793,b3955
0.7266,b3956
0.8368,b3957
0.7919,b3958
0.7590,b3959
0.7651,b3960
0.7176,b3961
0.8380,b3962
0.7925,b3963
0.6809,b3964
0.7986,b3965
0.8527,b3966
0.8519,b3967
0.8144,b3972
0.8175,b3973
0.8267,b3974
0.5057,b3980
0.6953,b3981
0.6365,b3982
0.5635,b3983
0.5089,b3984
0.5838,b3985
0.2982,b3986
0.6623,b3987
0.5980,b3988
0.7954,b3989
0.8549,b3990
0.7810,b3991
0.7350,b4407
0.8394,b3992
0.7503,b3993
0.7754,b3994
0.7220,b3995
0.8019,b3996
0.6893,b3997
0.7277,b3998
0.7930,b3999
0.5816,b4000
0.7805,b4001
0.7178,b4002
0.8582,b4003
0.7665,b4004
0.7235,b4005
0.7234,b4006
0.7365,b4011
0.7074,b4012
0.8182,b4013
0.7964,b4014
0.7217,b4015
0.8251,b4016
0.8360,b4017
0.7783,b4018
0.7716,b4019
0.8144,b4020
0.7274,b4021
0.7993,b4022
0.7357,b4023
0.8149,b4024
0.6900,b4025
0.6564,b4026
0.7651,b4027
0.8229,b4028
0.7924,b4029
0.7353,b4620
0.7521,b4030
0.7911,b4031
0.7405,b4032
0.7538,b4033
0.7568,b4034
0.8057,b4035
0.7024,b4036
0.7996,b4037
0.0000,b4038
0.7079,b4039
0.7112,b4040
0.7878,b4041
0.6587,b4042
0.7463,b4043
0.7958,b4044
0.3741,b4045
0.6934,b4046
0.4622,b4047
0.7956,b4048
0.7586,b4049
0.5720,b4050
0.8210,b4051
0.7516,b4052
0.7506,b4053
0.8449,b4054
0.7512,b4621
0.7957,b4055
0.7294,b4056
0.5405,b4057
0.7946,b4058
0.5999,b4059
0.6633,b4060
0.8506,b4061
0.6612,b4062
0.6598,b4063
0.7493,b4064
0.7746,b4065
0.7851,b4066
0.7275,b4067
0.7437,b4068
0.7472,b4069
0.7879,b4070
0.7549,b4071
0.7605,b4072
0.6990,b4073
0.7868,b4074
0.7574,b4075
0.7450,b4076
0.7084,b4077
0.8038,b4078
0.7457,b4079
0.8131,b4080
0.8265,b4081
0.7893,b4082
0.7006,b4622
0.7574,b4083
0.8543,b4084
0.7643,b4085
0.8301,b4086
0.8271,b4087
0.7639,b4088
0.8571,b4089
0.7587,b4090
0.7314,b4487
0.6765,b4092
0.6461,b4093
0.7016,b4094
0.6682,b4095
0.6189,b4096
0.6402,b4097
0.6754,b4098
0.7220,b4099
0.6598,b4100
0.6102,b4101
0.7078,b4102
0.0000,b4104
0.7098,b4105
0.6749,b4106
0.6787,b4107
0.5588,b4108
0.8684,b4109
0.7878,b4110
0.7838,b4111
0.5146,b4703
0.8103,b4112
0.7374,b4113
0.8361,b4114
0.7953,b4115
0.8414,b4116
0.7363,b4117
0.7330,b4118
0.8106,b4119
0.8341,b4120
0.7821,b4121
0.7194,b4122
0.7520,b4123
0.8252,b4124
0.8627,b4125
0.6845,b4126
0.6001,b4127
0.7061,b4128
0.5761,b4559
0.7799,b4129
0.8171,b4130
0.6856,b4131
0.7242,b4132
0.8654,b4133
0.0000,b4654
0.8086,b4135
0.8181,b4136
0.8021,b4137
0.6631,b4138
0.6422,b4139
0.7685,b4140
0.8150,b4141
0.5909,b4142
0.4673,b4143
0.7107,b4144
0.7810,b4145
0.8260,b4146
0.5809,b4147
0.3078,b4410
0.6161,b4411
0.6677,b4148
0.7194,b4149
0.8716,b4150
0.5137,b4151
0.5970,b4152
0.6536,b4153
0.7177,b4154
0.8339,b4155
0.8171,b4156
0.6845,b4157
0.6410,b4158
0.7972,b4159
0.7476,b4160
0.7896,b4161
0.6460,b4162
0.1109,b4670
0.8506,b4166
0.8469,b4167
0.7637,b4168
0.8296,b4169
0.8101,b4170
0.8502,b4171
0.7475,b4172
0.8403,b4173
0.7354,b4174
0.7328,b4175
0.5643,b4176
0.6566,b4177
0.7970,b4178
0.7510,b4179
0.7230,b4180
0.7262,b4181
0.8100,b4182
0.7688,b4183
0.7181,b4184
0.7698,b4185
0.7943,b4186
0.7976,b4187
0.7327,b4188
0.7127,b4189
0.8479,b4190
0.7355,b4191
0.7111,b4192
0.6783,b4193
0.6235,b4194
0.6813,b4195
0.6306,b4196
0.6928,b4197
0.7346,b4198
0.6334,b4199
0.5536,b4200
0.7322,b4201
0.5379,b4202
0.5229,b4203
0.8576,b4204
0.0000,b4205
0.8069,b4206
0.6372,b4207
0.8011,b4208
0.7224,b4209
0.7727,b4210
0.8102,b4211
0.6725,b4212
0.8135,b4213
0.7411,b4214
0.7967,b4215
0.7384,b4216
0.5845,b4217
0.7892,b4218
0.7694,b4219
0.7881,b4220
0.8160,b4221
0.7010,b4222
0.6686,b4224
0.6514,b4225
0.5924,b4226
0.8059,b4227
0.8043,b4485
0.7588,b4230
0.8231,b4231
0.7626,b4232
0.7321,b4233
0.7266,b4234
0.7900,b4235
0.0000,b4236
0.6781,b4237
0.7309,b4238
0.8218,b4239
0.7785,b4240
0.8196,b4241
0.3614,b4702
0.7871,b4242
0.6258,b4243
0.7480,b4244
0.7852,b4245
0.5058,b4246
0.7695,b4248
0.7897,b4249
0.8125,b4251
0.7383,b4252
0.7887,b4253
0.7647,b4254
0.6550,b4255
0.7763,b4256
0.7639,b4257
0.6356,b4258
0.7409,b4259
0.7939,b4260
0.7501,b4261
0.7204,b4262
0.8071,b4263
0.8386,b4264
0.8350,b4265
0.7767,b4266
0.8496,b4267
0.7624,b4268
0.7949,b4269
0.0000,b4271
0.7372,b4272
0.8225,b4273
0.0000,b4575
0.7195,b4277
0.7813,b4278
0.7414,b4279
0.7394,b4280
0.6261,b4655
0.0000,b4281
0.0000,b4282
0.0000,b4623
0.8926,b4284
0.0000,b4561
0.0000,b4286
0.8663,b4287
0.7007,b4288
0.7514,b4289
0.7974,b4290
0.7595,b4291
0.7708,b4292
0.7547,b4293
0.6810,b4294
0.0000,b4576
0.8382,b4295
0.8373,b4296
0.8834,b4297
0.8168,b4298
0.8594,b4299
0.8580,b4300
0.7555,b4301
0.7515,b4302
0.8117,b4303
0.8306,b4304
0.6937,b4565
0.8798,b4305
0.0000,b4656
0.7388,b4306
0.7793,b4307
0.6680,b4566
0.0000,b4657
0.0000,b4308
0.8305,b4309
0.8468,b4310
0.7981,b4311
0.8077,b4312
0.6972,b4313
0.7094,b4314
0.7847,b4315
0.8197,b4316
0.8827,b4317
0.8286,b4318
0.8072,b4319
0.8289,b4320
0.7403,b4321
0.5674,b4322
0.6794,b4323
0.7646,b4324
0.8018,b4325
0.7179,b4326
0.8159,b4327
0.7434,b4328
0.6865,b4329
0.7395,b4330
0.8666,b4331
0.8093,b4332
0.8103,b4333
0.8343,b4334
0.7525,b4335
0.7618,b4336
0.7583,b4337
0.0000,b4339
0.7533,b4340
0.5269,b4341
0.0000,b4342
0.0000,b4486
0.8246,b4345
0.8640,b4346
0.6942,b4347
0.8166,b4348
0.7214,b4349
0.7937,b4350
0.8181,b4351
0.6977,b4352
0.4951,b4353
0.6853,b4354
0.8022,b4355
0.8016,b4356
0.8562,b4357
0.8051,b4358
0.8307,b4359
0.7550,b4360
0.6959,b4361
0.7673,b4362
0.6977,b4363
0.8262,b4364
0.8224,b4365
0.8216,b4366
0.7114,b4367
0.5507,b4567
0.7889,b4371
0.7228,b4372
0.7138,b4373
0.7516,b4374
0.7175,b4375
0.7323,b4376
0.6858,b4568
0.8333,b4377
0.7843,b4378
0.7671,b4379
0.8162,b4380
0.6157,b4381
0.7043,b4382
0.6637,b4383
0.6266,b4384
0.8647,b4385
0.7903,b4386
0.7100,b4387
0.7114,b4388
0.7736,b4389
0.7832,b4390
0.6854,b4391
0.8198,b4392
0.7114,b4393
0.7943,b4394
0.7265,b4395
0.7932,b4396
0.7498,b4397
0.7967,b4398
0.8490,b4399
0.7979,b4400
0.6826,b4401
0.6475,b4402
0.7729,b4403
