P2,locus_tag
0.4444,b0001
0.4234,b0002
0.4565,b0003
0.5156,b0004
0.4074,b0005
0.4494,b0006
0.3621,b0007
0.6832,b0008
0.4717,b0009
0.5294,b0010
0.2295,b0011
0.4048,b0013
0.7450,b0014
0.5489,b0015
0.4545,b0016
0.7333,b0018
0.6667,b4412
0.4462,b0019
0.3804,b0020
0.3889,b0021
0.4375,b0022
0.8158,b0023
0.3636,b0024
0.4490,b0025
0.5724,b0026
0.4848,b0027
0.4186,b0028
0.4949,b0029
0.3861,b0030
0.4348,b0031
0.5000,b0032
0.5634,b0033
0.5000,b0034
0.3077,b0035
0.3516,b0036
0.3743,b0037
0.4710,b0038
0.5185,b0039
0.5532,b0040
0.3750,b0041
0.5385,b0042
0.4328,b0043
0.3793,b0044
0.3648,b0045
0.3400,b0046
0.3556,b0047
0.4510,b0048
0.4750,b0049
0.4898,b0050
0.4831,b0051
0.4020,b0052
0.6149,b0053
0.5729,b0054
0.3656,b0055
0.5263,b4659
0.4074,b0058
0.5573,b0059
0.4380,b0060
0.4143,b0061
0.5250,b0062
0.3799,b0063
0.4000,b0064
0.3662,b0065
0.5091,b0066
0.3816,b0067
0.4158,b0068
0.4586,b0069
0.2500,b4662
0.4508,b0070
0.4571,b0071
0.4065,b0072
0.4148,b0073
0.4868,b0074
0.6000,b0075
0.4235,b0076
0.3931,b0077
0.4091,b0078
0.5093,b0080
0.5588,b0081
0.5182,b0082
0.5385,b0083
0.4619,b0084
0.4412,b0085
0.4828,b0086
0.4609,b0087
0.4394,b0088
0.5108,b0089
0.5347,b0090
0.4630,b0091
0.4412,b0092
0.3788,b0093
0.5217,b0094
0.6250,b0095
0.5789,b0096
0.4717,b0097
0.6632,b0098
0.3333,b0099
0.5385,b0101
0.3816,b0102
0.3582,b0103
0.4914,b0104
0.4000,b0106
0.4180,b0107
0.3519,b0108
0.3011,b0109
0.3636,b0110
0.4217,b0111
0.5449,b0112
0.3733,b0113
0.7635,b0114
0.6701,b0115
0.7134,b0116
0.4229,b0117
0.6516,b0118
0.5000,b0119
0.4022,b0120
0.4623,b0121
0.4762,b0122
0.4362,b0123
0.4982,b0124
0.5965,b0125
0.4545,b0126
0.4302,b0127
0.5155,b0128
0.4706,b0129
0.3308,b0130
0.3600,b0131
0.3623,b0132
0.4632,b0133
0.4835,b0134
0.4167,b0135
0.4098,b0136
0.3585,b0137
0.4815,b0138
0.4560,b0139
0.4146,b0140
0.6301,b0141
0.3958,b0142
0.5714,b0143
0.4272,b0144
0.5208,b0145
0.4571,b0146
0.4677,b0147
0.4479,b0148
0.5486,b0149
0.5451,b0150
0.4375,b0151
0.4667,b0152
0.4364,b0153
0.4570,b0154
0.3642,b0155
0.5897,b0156
0.3099,b0157
0.3544,b0158
0.5529,b0159
0.3816,b0160
0.6420,b0161
0.4078,b0162
0.5556,b0163
0.3800,b0164
0.5155,b0166
0.3963,b0167
0.4884,b0168
0.8256,b0169
0.7111,b0170
0.6190,b0171
0.7083,b0172
0.4037,b0173
0.4146,b0174
0.4146,b0175
0.4892,b0176
0.6441,b0177
0.6522,b0178
0.5039,b0179
0.5600,b0180
0.4537,b0181
0.4495,b0182
0.4182,b0183
0.5806,b0184
0.6140,b0185
0.4502,b0186
0.5405,b0187
0.3000,b0188
0.3333,b0189
0.4706,b4406
0.2917,b0190
0.3409,b0191
0.5484,b0192
0.3636,b0193
0.6667,b0194
0.3671,b0195
0.4595,b0196
0.5556,b0197
0.4762,b0198
0.5152,b0199
0.3529,b0200
0.6207,b0207
0.4458,b0208
0.4699,b0209
0.3770,b0210
0.4803,b0211
0.3067,b0212
0.3548,b0213
0.4800,b0214
0.3924,b0215
0.4478,b0217
0.3448,b4586
0.2667,b0218
0.5238,b4503
0.3494,b0219
0.3611,b0220
0.4566,b0221
0.5000,b0222
0.3750,b0223
0.5422,b0224
0.4091,b0225
0.3846,b0226
0.3659,b0227
0.4259,b0228
0.4390,b0229
0.4394,b0230
0.3738,b0231
0.4062,b0232
0.3590,b0233
0.3061,b0234
0.4400,b0235
0.4444,b0236
0.5975,b0237
0.5745,b0238
0.4444,b0239
0.5667,b0240
0.4173,b0241
0.4186,b0242
0.5111,b0243
0.0000,b4626
0.5625,b0245
0.5143,b0246
0.4444,b4504
0.4889,b0247
0.5345,b0248
0.5600,b0249
0.5625,b0250
0.5135,b0251
0.3929,b4627
0.4706,b4628
0.4557,b0252
0.3647,b0253
0.4651,b0254
0.5246,b4587
0.5196,b0256
0.4762,b0258
0.4220,b0259
0.4133,b0260
0.3951,b0261
0.3645,b0262
0.5111,b0263
0.4054,b0264
0.4242,b0265
0.5000,b4505
0.5769,b0266
0.4245,b0267
0.4082,b0268
0.3807,b0269
0.4837,b0270
0.4734,b0271
0.3049,b0272
0.4000,b0273
0.5909,b4688
0.4054,b0274
0.4242,b0275
0.5972,b0276
0.6522,b0277
0.4754,b0278
0.4557,b0279
0.4773,b0280
0.5037,b0281
0.3684,b4694
0.3333,b4695
0.3294,b0283
0.3418,b0284
0.3431,b0285
0.4308,b0286
0.4000,b0287
0.3750,b0288
0.4324,b0289
0.4804,b0290
0.4845,b0291
0.4625,b0292
0.5938,b0293
0.3810,b0294
0.5238,b0295
0.4615,b4506
0.5185,b0296
0.3077,b4671
0.0000,b4630
0.3226,b0297
0.5000,b0298
0.4651,b0299
0.4507,b0300
0.5455,b4631
0.4237,b0301
0.1765,b0303
0.3662,b0304
0.4308,b0305
0.3939,b0306
0.4122,b0307
0.4308,b0308
0.4030,b0310
0.4038,b0311
0.4207,b0312
0.3636,b0313
0.4312,b0314
0.4766,b0315
0.3333,b0316
0.3725,b0317
0.3390,b0318
0.2759,b0319
0.4062,b0320
0.4452,b0321
0.3398,b0323
0.3840,b0324
0.4615,b0325
0.4118,b0326
0.3125,b0327
0.3247,b0328
0.3810,b0329
0.2848,b0330
0.4900,b0331
0.4083,b0333
0.4573,b0334
0.3352,b0335
0.4533,b0336
0.3664,b0337
0.3099,b0338
0.3947,b0339
0.3704,b0340
0.4324,b0341
0.4179,b0342
0.4078,b0343
0.4509,b0344
0.2903,b0345
0.3043,b0346
0.3810,b0347
0.4466,b0348
0.4316,b0349
0.3571,b0350
0.4537,b0351
0.4272,b0352
0.4414,b0353
0.3400,b0354
0.3750,b0355
0.5763,b0356
0.4400,b0357
0.3830,b0358
0.4194,b4579
0.2857,b0360
0.5600,b0361
0.3841,b0363
0.3750,b0364
0.5333,b0365
0.4189,b0366
0.3333,b0367
0.3571,b0368
0.5045,b0369
0.6984,b4580
0.4651,b0372
0.5000,b0373
0.4932,b0375
0.3488,b0376
0.5385,b0377
0.4231,b0378
0.3243,b0379
0.4138,b0380
0.5000,b0381
0.3810,b0382
0.4225,b0383
0.4583,b0384
0.4000,b0385
0.3864,b0386
0.3922,b0387
0.4043,b0388
0.5714,b0389
0.4808,b0390
0.3438,b0391
0.3810,b0392
0.5000,b0393
0.4022,b0394
0.2920,b0396
0.4305,b0397
0.3917,b0398
0.3175,b0399
0.4298,b0400
0.5563,b0401
0.5348,b0402
0.3785,b0403
0.3492,b0404
0.3565,b0405
0.5652,b0406
0.5278,b0407
0.6372,b0408
0.6422,b0409
0.5455,b0410
0.7642,b0411
0.4167,b0412
0.4444,b0413
0.4286,b0414
0.5909,b0415
0.6744,b0416
0.4792,b0417
0.3704,b0418
0.3933,b0419
0.3981,b0420
0.4842,b0421
0.2381,b0422
0.4699,b0423
0.4500,b0424
0.3511,b0425
0.5306,b0426
0.3846,b0427
0.4825,b0428
0.5625,b0429
0.5942,b0430
0.6270,b0431
0.5794,b0432
0.4204,b0433
0.6212,b0434
0.5000,b0435
0.6712,b0436
0.4366,b0437
0.5271,b0438
0.5926,b0439
0.6944,b0440
0.6173,b0441
0.2143,b0442
0.4211,b0443
0.4375,b0444
0.3429,b0445
0.3973,b0446
0.4359,b0447
0.4516,b0448
0.3804,b0449
0.5714,b0450
0.4268,b0451
0.4255,b0452
0.5349,b0453
0.3846,b0454
0.3846,b0456
0.3459,b0457
0.4754,b0458
0.4737,b0459
0.4783,b0460
0.3947,b0461
0.6167,b0462
0.6000,b0463
0.4333,b0464
0.5763,b0465
0.3571,b0466
0.4565,b0467
0.3000,b0468
0.5538,b0469
0.4145,b0470
0.6552,b0471
0.5484,b0472
0.7059,b0473
0.6176,b0474
0.3646,b0475
0.4200,b0476
0.4552,b0477
0.3810,b0478
0.4338,b0479
0.4335,b0480
0.3913,b0481
0.3913,b0482
0.4444,b0483
0.4327,b0484
0.4272,b0485
0.4145,b0486
0.3158,b0487
0.3784,b0488
0.5000,b0489
0.4267,b0490
0.2692,b0491
0.4545,b0492
0.3625,b0493
0.3784,b0494
0.4259,b0495
0.3960,b0496
0.4588,b0497
0.2703,b0498
0.4630,b0499
0.3095,b0501
0.4286,b4632
0.5769,b0502
0.3585,b0503
0.3297,b0504
0.4490,b0505
0.4242,b0506
0.5550,b0507
0.4021,b0508
0.4388,b0509
0.4082,b0511
0.5973,b0512
0.3958,b0513
0.3200,b0514
0.3929,b0515
0.4160,b0516
0.3333,b0517
0.3373,b0518
0.4779,b4572
0.4459,b0520
0.3210,b0521
0.4486,b0522
0.4074,b0523
0.3117,b0524
0.6349,b0525
0.5172,b0526
0.3396,b0527
0.3529,b0528
0.4356,b0529
0.4366,b0530
0.3750,b0531
0.3545,b0532
0.4248,b0533
0.4375,b0534
0.4308,b0535
0.4643,b0537
0.4667,b4633
0.5333,b0539
0.6250,b4508
0.4348,b0542
0.5000,b0540
0.4651,b0541
0.4048,b0543
0.3382,b0544
0.4717,b0545
0.4474,b0546
0.4286,b4588
0.5682,b0547
0.6429,b0548
0.5000,b0549
0.4889,b0550
0.3750,b4509
0.4857,b0551
0.7230,b0553
0.4220,b0552
0.4762,b0554
0.5862,b0555
0.5745,b0556
0.4000,b4510
0.4000,b0557
0.3636,b0558
0.3125,b0559
0.4545,b4589
0.5000,b0560
0.4167,b4634
0.5938,b0561
0.5500,b0562
0.6429,b0563
0.2609,b0564
0.4492,b0565
0.4321,b0566
0.3617,b0567
0.4131,b0568
0.4298,b0569
0.4014,b0570
0.3485,b0571
0.3028,b0572
0.3548,b0573
0.3583,b0574
0.3583,b0575
0.4678,b0576
0.4109,b0577
0.5692,b0578
0.2564,b0579
0.3636,b0580
0.3186,b0581
0.3636,b4415
0.4545,b0582
0.3684,b0583
0.5267,b0584
0.3714,b0585
0.3333,b4511
0.4139,b0586
0.3960,b0587
0.3521,b0588
0.3163,b0589
0.3458,b0590
0.4299,b0591
0.3523,b0592
0.4068,b0593
0.4529,b0594
0.4211,b0595
0.3467,b0596
0.4138,b0597
0.4795,b0598
0.5000,b4512
0.4107,b0599
0.3304,b0600
0.3881,b0601
0.4444,b0602
0.3474,b0603
0.5429,b0604
0.7619,b0605
0.5476,b0606
0.4884,b0607
0.3440,b0608
0.4250,b0610
0.4947,b0611
0.4783,b0612
0.3953,b0613
0.2857,b0614
0.5318,b0615
0.4779,b0616
0.3226,b0617
0.4472,b0618
0.4101,b0619
0.3562,b0620
0.4625,b0621
0.4474,b0622
0.6667,b0623
0.4571,b0624
0.4306,b4581
0.3846,b0627
0.4904,b0628
0.4455,b0629
0.5303,b0630
0.6522,b0631
0.5638,b0632
0.5304,b0633
0.4032,b0634
0.5345,b0635
0.4000,b0636
0.5000,b0637
0.4154,b0638
0.4923,b0639
0.4286,b0640
0.7321,b0641
0.6160,b0642
0.4848,b0643
0.3860,b0644
0.3896,b0645
0.3684,b0646
0.3448,b0647
0.3934,b0648
0.4878,b0649
0.3395,b0650
0.4396,b0651
0.5645,b0652
0.4795,b0653
0.4737,b0654
0.5789,b0655
0.4220,b0656
0.4663,b0657
0.5904,b0658
0.4000,b0659
0.4876,b0660
0.5280,b0661
0.4112,b0662
0.5455,b0674
0.4787,b0675
0.4362,b0676
0.4963,b0677
0.5618,b0678
0.6653,b0679
0.6162,b0680
0.5843,b0681
0.4348,b0682
0.5102,b0683
0.2500,b4637
0.5167,b0684
0.5600,b0685
0.4750,b0686
0.4694,b0687
0.5936,b0688
0.3261,b0689
0.4182,b0691
0.4118,b4636
0.5000,b0692
0.5000,b0693
0.3810,b4590
0.2222,b0694
0.3296,b0695
0.3898,b0696
0.4410,b0697
0.4158,b0698
0.3000,b4513
0.4348,b0699
0.4201,b0700
0.2424,b0702
0.4048,b0703
0.3636,b0704
0.3182,b4514
0.4444,b0705
0.4384,b0706
0.3750,b0707
0.4044,b0708
0.4333,b0709
0.4177,b0710
0.4545,b0711
0.3838,b0712
0.2933,b0713
0.4143,b0714
0.3853,b0715
0.4427,b0716
0.4231,b0717
0.4173,b0718
0.5741,b0719
0.6093,b0720
0.5000,b0721
0.5814,b0722
0.5654,b0723
0.4545,b0724
0.6228,b0726
0.6750,b0727
0.5882,b0728
0.6542,b0729
0.4062,b0730
0.3578,b0731
0.4473,b0732
0.6257,b0733
0.6544,b0734
0.4000,b4515
0.3667,b0735
0.4615,b0736
0.4881,b0737
0.6667,b0738
0.5833,b0739
0.6327,b0740
0.7937,b0741
0.5783,b0742
0.4607,b0750
0.4146,b0751
0.4091,b0752
0.4286,b0753
0.4786,b0754
0.6533,b0755
0.4370,b0756
0.5194,b0757
0.4239,b0758
0.4472,b0759
0.4203,b0760
0.3333,b0761
0.7000,b0762
0.4800,b0763
0.4110,b0764
0.4062,b0765
0.3953,b0766
0.4239,b0767
0.3407,b0768
0.4370,b0769
0.5488,b0770
0.4863,b0771
0.5818,b0772
0.4043,b0773
0.3209,b0774
0.4000,b0775
0.4386,b0776
0.3548,b0777
0.4286,b0778
0.5178,b0779
0.4375,b0780
0.4622,b0781
0.5172,b0782
0.3250,b0783
0.5000,b0784
0.4000,b0785
0.4756,b0786
0.4103,b0787
0.4579,b0788
0.3409,b0789
0.2949,b0790
0.2593,b0791
0.4683,b0792
0.4219,b0793
0.3373,b0794
0.3776,b0795
0.4390,b0796
0.5443,b0797
0.6042,b0798
0.4133,b0799
0.4348,b0800
0.4128,b0801
0.4828,b0802
0.4286,b0803
0.3333,b0804
0.3707,b0805
0.4400,b0806
0.3962,b0807
0.4065,b0808
0.5000,b0809
0.5000,b0810
0.6582,b0811
0.5510,b0812
0.4940,b0813
0.7838,b0814
0.4389,b0815
0.4762,b0816
0.5263,b0817
0.4660,b0818
0.5524,b0819
0.5465,b0820
0.4186,b0821
0.4062,b0822
0.5233,b0823
0.2581,b0824
0.3922,b0825
0.3889,b0826
0.4242,b0827
0.3673,b0828
0.4185,b0829
0.4514,b0830
0.4286,b0831
0.3879,b0832
0.3899,b0833
0.4384,b0834
0.4385,b0835
0.4400,b0836
0.3607,b0837
0.4091,b0838
0.5462,b0839
0.2658,b0840
0.3571,b0841
0.4632,b0842
0.5000,b0843
0.3163,b0844
0.4029,b0845
0.4667,b0846
0.4597,b0847
0.4324,b0848
0.4138,b0849
0.4800,b0850
0.2958,b0851
0.4632,b0852
0.4762,b0853
0.4211,b0854
0.4466,b0855
0.4184,b0856
0.3372,b0857
0.4706,b0858
0.4356,b0859
0.4318,b0860
0.4500,b0861
0.4795,b0862
0.5526,b0863
0.5200,b0864
0.4828,b0865
0.4872,b0866
0.3590,b0867
0.3913,b0868
0.4138,b0869
0.3793,b0870
0.4054,b0871
0.5227,b0872
0.5968,b0873
0.3423,b0874
0.5053,b0875
0.3742,b0876
0.4190,b0877
0.4330,b0878
0.3750,b0879
0.4444,b0880
0.3913,b0881
0.5739,b0882
0.5385,b0884
0.3976,b0885
0.4070,b0886
0.4270,b0887
0.4841,b0888
0.5000,b0889
0.4949,b0890
0.4655,b0891
0.3865,b0892
0.6343,b0893
0.5455,b0894
0.4242,b0895
0.4884,b0896
0.4627,b0897
0.3898,b0898
0.3889,b0899
0.4369,b0900
0.4000,b0901
0.4684,b0902
0.8188,b0903
0.4848,b0904
0.5000,b0905
0.4035,b0906
0.5333,b0907
0.4357,b0908
0.4713,b0909
0.3548,b0910
0.7268,b0911
0.4375,b0912
0.4154,b0913
0.5737,b0914
0.4778,b0915
0.4234,b0916
0.5294,b0917
0.5532,b0918
0.4143,b0919
0.3684,b0920
0.4000,b0921
0.4692,b0922
0.4571,b0923
0.5476,b0924
0.4545,b0925
0.3676,b0926
0.4746,b0927
0.5166,b0928
0.7701,b0929
0.5542,b0930
0.4590,b0931
0.4944,b0932
0.4182,b0933
0.3176,b0934
0.3879,b0935
0.4259,b0936
0.4107,b0937
0.4259,b0938
0.4167,b0939
0.4452,b0940
0.4196,b0941
0.4068,b0942
0.3111,b0943
0.3906,b0944
0.4355,b0945
0.2200,b0946
0.3920,b0947
0.5315,b0948
0.4706,b0949
0.4087,b0950
0.4698,b0951
0.4655,b0952
0.2000,b0953
0.4828,b0954
0.4494,b0955
0.3250,b0956
0.8235,b0957
0.4474,b0958
0.3617,b0959
0.4232,b0960
0.3770,b0961
0.4497,b0962
0.5000,b0963
0.2642,b0964
0.1842,b0965
0.5172,b0966
0.4496,b0967
0.5000,b0968
0.4706,b0969
0.5244,b0970
0.4531,b0972
0.4605,b0973
0.5000,b0974
0.3455,b0975
0.2250,b0976
0.3692,b0977
0.4720,b0978
0.4688,b0979
0.4000,b4592
0.4455,b0980
0.4558,b0981
0.4222,b0982
0.4590,b0983
0.4767,b0984
0.3429,b0985
0.3276,b0986
0.5862,b0987
0.4242,b4516
0.4054,b0988
0.3182,b0989
0.4615,b0990
0.4828,b0991
0.3750,b4517
0.3000,b0992
0.3992,b0993
0.3535,b0994
0.3906,b0995
0.4622,b0996
0.4945,b0997
0.4667,b0998
0.3704,b0999
0.4059,b1000
0.3411,b1001
0.4434,b1002
0.4500,b1003
0.4545,b1004
0.5263,b4518
0.3630,b1006
0.3019,b1007
0.2623,b1008
0.3171,b1009
0.4200,b1010
0.3684,b1011
0.4254,b1012
0.3871,b1013
0.4500,b1014
0.4514,b1015
0.3333,b4490
0.4907,b1018
0.3879,b1019
0.4673,b1020
0.4118,b1021
0.4000,b1022
0.3923,b1023
0.4125,b1024
0.3147,b1025
0.4651,b1026
0.5000,b1027
0.4074,b1028
0.3056,b1029
0.3804,b1033
0.3462,b1034
0.4889,b1035
0.4583,b1036
0.4783,b1037
0.4727,b1038
0.2778,b1039
0.5143,b1040
0.4182,b1041
0.6567,b1042
0.2222,b1043
0.3889,b1044
0.4561,b1045
0.3592,b1046
0.3796,b1047
0.5864,b1048
0.5375,b1049
0.3600,b1050
0.3529,b1051
0.4667,b1053
0.3587,b1054
0.4034,b1055
0.3906,b1056
0.4032,b1057
0.1765,b1058
0.3333,b1059
0.4500,b1060
0.2222,b1061
0.4771,b1062
0.4138,b1063
0.3600,b1064
0.4354,b1065
0.2500,b1066
0.4426,b1067
0.4217,b1068
0.4142,b1069
0.3871,b1070
0.5000,b1071
0.3125,b1072
0.4500,b1073
0.4054,b1074
0.4375,b1075
0.5238,b1076
0.2877,b1077
0.4805,b1078
0.3723,b1079
0.4190,b1080
0.4568,b1081
0.4699,b1082
0.5529,b1083
0.6188,b1084
0.4231,b1085
0.5604,b1086
0.4717,b1087
0.6279,b1088
0.6316,b1089
0.4059,b1090
0.3939,b1091
0.5185,b1092
0.5579,b1093
0.5217,b1094
0.5556,b1095
0.5000,b1096
0.4842,b1097
0.3182,b1098
0.5056,b1099
0.5385,b1100
0.6354,b1101
0.5000,b1102
0.5122,b1103
0.3125,b1104
0.4333,b1105
0.2817,b1106
0.5143,b1107
0.4746,b1108
0.5390,b1109
0.5085,b1110
0.4068,b1111
0.5000,b1112
0.4904,b1113
0.4744,b1114
0.4052,b1115
0.4231,b1116
0.4714,b1117
0.3803,b1118
0.4091,b1119
0.3088,b1120
0.3250,b1121
0.3509,b1122
0.5948,b1123
0.4750,b1124
0.4688,b1125
0.4758,b1126
0.4677,b1127
0.4474,b1128
0.4240,b1129
0.2951,b1130
0.6026,b1131
0.3485,b1132
0.4640,b1133
0.4043,b1134
0.3816,b1135
0.5987,b1136
0.3387,b1137
0.3647,b1138
0.4074,b1139
0.5100,b1140
0.4762,b1141
0.5312,b1143
0.6207,b1144
0.5821,b1145
0.3684,b1146
0.5833,b1147
0.6207,b1148
0.4167,b4692
0.4690,b4693
0.4211,b1150
0.3429,b1151
0.4795,b1152
0.5000,b1153
0.4412,b1154
0.4545,b1155
0.5370,b1156
0.4098,b1157
0.4694,b1158
0.4500,b1159
0.5789,b4519
0.4375,b1160
0.4146,b1161
0.4079,b1162
0.4622,b1163
0.3750,b1164
0.4000,b1165
0.3636,b1166
0.2917,b1167
0.4503,b1168
0.3182,b4520
0.4306,b4491
0.4333,b1171
0.5000,b1172
0.3478,b4593
0.2000,b4594
0.5250,b4521
0.3913,b1174
0.3820,b1175
0.5333,b1176
0.4634,b1177
0.5854,b1178
0.4091,b1179
0.3793,b1180
0.7105,b1181
0.3671,b1182
0.4565,b1183
0.3889,b1184
0.4630,b1185
0.4850,b1186
0.3977,b1187
0.4875,b1188
0.3923,b1189
0.3846,b1190
0.3960,b1191
0.4037,b1192
0.5484,b1193
0.3896,b1194
0.3333,b1195
0.4286,b1196
0.3889,b1197
0.5041,b1198
0.4179,b1199
0.3905,b1200
0.3409,b1201
0.4740,b1202
0.6429,b1203
0.4211,b1204
0.5143,b1205
0.5131,b1206
0.6880,b1207
0.3718,b1208
0.4521,b1209
0.3947,b1210
0.5804,b1211
0.4416,b1212
0.4211,b1213
0.4545,b1214
0.5393,b1215
0.4000,b4419
0.4000,b4421
0.4000,b4423
0.3982,b1216
0.4000,b1217
0.3519,b1218
0.4516,b1219
0.4155,b1220
0.3684,b1221
0.4236,b1222
0.5697,b1223
0.5829,b1224
0.6145,b1225
0.3846,b1226
0.6400,b1227
0.5000,b1229
0.4257,b1232
0.5200,b1233
0.4096,b1234
0.2941,b1235
0.4750,b1236
0.6829,b1237
0.4333,b1238
0.4940,b4573
0.7305,b1241
0.4684,b1242
0.5509,b1243
0.3874,b1244
0.5604,b1245
0.4737,b1246
0.5684,b1247
0.4000,b1248
0.3675,b1249
0.6500,b4595
0.3759,b1250
0.5926,b1251
0.4333,b1252
0.3171,b1253
0.4688,b1254
0.3514,b1255
0.5000,b1256
0.3889,b1257
0.3810,b1258
0.4800,b1259
0.3608,b1260
0.4964,b1261
0.4054,b1262
0.3804,b1263
0.4260,b1264
0.5000,b1265
0.3662,b1266
0.4925,b1267
0.4054,b1268
0.6216,b1269
0.3333,b1270
0.3671,b1271
0.4330,b1272
0.3200,b1273
0.5485,b1274
0.3838,b1275
0.4167,b4522
0.2857,b4523
0.4478,b1276
0.4545,b1277
0.3971,b1278
0.5667,b1279
0.4522,b1280
0.4932,b1281
0.5172,b1282
0.6190,b1283
0.3973,b1284
0.3750,b4596
0.3990,b1285
0.3077,b4672
0.4643,b1286
0.3945,b1287
0.6373,b1288
0.3429,b1289
0.3418,b1290
0.4700,b1291
0.4082,b1292
0.4397,b1293
0.3953,b1294
0.4667,b1295
0.4323,b1296
0.3882,b1297
0.5211,b1298
0.4545,b1299
0.3962,b1300
0.3827,b1301
0.4218,b1302
0.3830,b1303
0.5094,b1304
0.4211,b1305
0.5000,b1306
0.4500,b1307
0.3636,b1308
0.3879,b1309
0.4762,b1310
0.4766,b1311
0.5155,b1312
0.3841,b1313
0.4796,b1314
0.4369,b1315
0.3937,b1316
0.3881,b1317
0.3981,b4524
0.4690,b1319
0.2577,b1320
0.3309,b1321
0.3981,b1322
0.4228,b1323
0.6316,b1324
0.3889,b1325
0.4444,b1326
0.2941,b4525
0.2222,b4673
0.4273,b1327
0.4756,b1328
0.3503,b1329
0.4286,b1330
0.4220,b1331
0.2308,b1332
0.4176,b1333
0.6064,b1334
0.3390,b1335
0.4152,b1336
0.3865,b1337
0.4307,b1338
0.3294,b1339
0.4490,b1340
0.3950,b1341
0.3723,b1342
0.4683,b1343
0.5545,b1344
0.4762,b1345
0.5200,b1346
0.2353,b1347
0.3529,b1348
0.5301,b1349
0.4822,b1350
0.3462,b1351
0.5556,b4526
0.4615,b1352
0.4717,b1353
0.5000,b4527
0.8462,b1355
0.4737,b1356
0.6538,b1357
0.3846,b1358
0.4789,b1359
0.4000,b1360
0.5750,b1361
0.6304,b1362
0.5000,b4528
0.3791,b1363
0.3158,b1365
0.5000,b1366
0.4648,b1368
0.5429,b4570
0.3889,b1370
0.4938,b1372
0.4898,b1373
0.4909,b1374
0.7059,b1375
0.6000,b4638
0.4615,b1376
0.5195,b1377
0.4421,b1378
0.3636,b4529
0.4118,b1379
0.4727,b1380
0.4351,b1381
0.6316,b1382
0.4000,b1383
0.3372,b1384
0.4225,b1385
0.4651,b1386
0.4903,b1387
0.4950,b1388
0.4412,b1389
0.4125,b1390
0.3778,b1391
0.3495,b1392
0.4800,b1393
0.4853,b1394
0.4132,b1395
0.3529,b1396
0.4762,b1397
0.4016,b1398
0.5000,b1399
0.3833,b1400
0.1429,b4674
0.5034,b4492
0.5600,b1402
0.2857,b1403
0.5294,b1404
0.4375,b1406
0.4143,b1407
0.3448,b1408
0.3804,b1409
0.3636,b1410
0.4017,b1411
0.4603,b1412
0.4768,b1413
0.4706,b1414
0.4819,b1415
0.4623,b4493
0.5185,b1418
0.2353,b1419
0.6667,b4428
0.5556,b1420
0.3964,b1421
0.5422,b1422
0.4427,b1423
0.4737,b1424
0.5000,b1426
0.5000,b1427
0.3333,b1428
0.3776,b1429
0.4533,b1430
0.5556,b1431
0.4762,b4578
0.5259,b1432
0.3790,b1433
0.3636,b1434
0.4115,b1435
0.5000,b1436
0.5000,b4532
0.3902,b1438
0.4206,b1439
0.4380,b1440
0.4021,b1441
0.3981,b1442
0.3418,b1443
0.4806,b1444
0.3846,b4598
0.3750,b1445
0.3810,b1446
0.2692,b1447
0.3333,b1448
0.4815,b1449
0.4576,b1450
0.4083,b1451
0.5370,b1452
0.3867,b1453
0.4194,b1454
0.2917,b1455
0.4659,b1456
0.2203,b1457
0.3488,b1459
0.4000,b1460
0.5417,b1461
0.4423,b1462
0.3108,b1463
0.4444,b1464
0.5135,b1465
0.3200,b1466
0.5028,b1467
0.4272,b1468
0.3804,b1469
0.3750,b1470
0.3762,b1471
0.4324,b1472
0.3918,b1473
0.6416,b1474
0.5556,b1475
0.5429,b1476
0.2273,b1477
0.5364,b1478
0.4821,b1479
0.5000,b1480
0.4091,b1481
0.4286,b1482
0.4805,b1483
0.4157,b1484
0.3438,b1485
0.3964,b1486
0.4198,b1487
0.5500,b1488
0.4091,b1489
0.4250,b1490
0.4524,b1491
0.4972,b1492
0.5595,b1493
0.3893,b1494
0.4460,b1495
0.4286,b1496
0.3986,b1497
0.4749,b1498
0.4483,b1499
0.3684,b1500
0.4560,b1501
0.3696,b1502
0.4902,b1503
0.4000,b1504
0.4768,b1505
0.4000,b1506
0.4153,b1507
0.2609,b1508
0.4850,b4696
0.4013,b1511
0.3776,b1512
0.3827,b1513
0.3717,b1514
0.4087,b1515
0.3590,b1516
0.3596,b1517
0.4286,b1518
0.4507,b1519
0.4299,b1520
0.5897,b1521
0.4494,b1522
0.5263,b1523
0.4719,b1524
0.4474,b1525
0.4211,b1526
0.3629,b1527
0.4524,b1528
0.3733,b1529
0.2857,b1530
0.5000,b1531
0.1765,b1532
0.4382,b1533
0.3873,b1534
0.2500,b4599
0.4556,b1535
0.3429,b1536
0.4286,b1537
0.4414,b1538
0.4157,b1539
0.3467,b1540
0.6522,b1541
0.4252,b1542
0.5102,b4600
0.7059,b1544
0.4717,b1545
0.4792,b1546
0.5192,b1547
0.4902,b1548
0.4545,b4533
0.3415,b1549
0.2143,b1550
0.1000,b1551
0.6538,b1552
0.4583,b1553
0.5000,b4689
0.4769,b1554
0.3103,b1555
0.5455,b1556
0.5000,b1557
0.4583,b1558
0.4333,b1559
0.5301,b1560
0.4000,b1561
0.8182,b1562
0.3478,b1563
0.6818,b1564
0.4783,b1565
0.4286,b1566
0.4000,b1567
0.6296,b1568
0.4545,b1569
0.4242,b1570
0.5263,b1571
0.6429,b1572
0.4091,b1573
0.5294,b1575
0.4286,b1576
0.4512,b1577
0.6034,b1578
0.4545,b1579
0.4434,b1580
0.5324,b1581
0.3000,b1582
0.3077,b1583
0.2857,b1584
0.4426,b1585
0.2581,b1586
0.4266,b1587
0.4851,b1588
0.4225,b1589
0.4731,b1590
0.4000,b1591
0.3810,b1592
0.5000,b1593
0.4174,b1594
0.4778,b1595
0.3960,b1596
0.5909,b1597
0.3333,b4601
0.4054,b1598
0.3659,b1599
0.3721,b1600
0.4135,b1601
0.6194,b1602
0.3893,b1603
0.5963,b1604
0.4898,b1605
0.3896,b1606
0.2750,b1607
0.4722,b1608
0.3923,b1609
0.4444,b1610
0.4603,b1611
0.5086,b1612
0.4836,b1613
0.4403,b1614
0.3478,b1615
0.5098,b1616
0.5220,b1617
0.4068,b1618
0.4713,b1619
0.3956,b1620
0.5260,b1621
0.4429,b1622
0.3793,b1623
0.4660,b1624
0.5000,b4409
0.4500,b1625
0.4000,b1626
0.4091,b1627
0.3971,b1628
0.3969,b1629
0.4758,b1630
0.4138,b1631
0.4634,b1632
0.4412,b1633
0.6477,b1634
0.5085,b1635
0.4691,b1636
0.6187,b1637
0.4429,b1638
0.3030,b1639
0.4112,b1640
0.5714,b1641
0.5152,b1642
0.5185,b1643
0.3810,b1644
0.3756,b1645
0.3704,b1646
0.4886,b1647
0.2381,b1648
0.4407,b1649
0.4755,b1650
0.6000,b1651
0.4103,b1652
0.3559,b1653
0.5526,b1654
0.4217,b1655
0.5972,b1656
0.4344,b1657
0.5000,b4602
0.5210,b1658
0.4444,b1659
0.4853,b1660
0.3971,b1661
0.3333,b1662
0.4877,b1663
0.4109,b1664
0.3750,b1667
0.4024,b1668
0.3125,b1669
0.3288,b1670
0.4203,b1671
0.4762,b1672
0.5175,b1673
0.4286,b1674
0.3333,b1675
0.7134,b1676
0.9167,b1677
0.4600,b1678
0.2558,b1679
0.3636,b1680
0.5385,b1681
0.3649,b1682
0.4250,b1683
0.2857,b1684
0.4000,b1685
0.5833,b1686
0.4309,b1687
0.3719,b1688
0.4444,b1689
0.4096,b1690
0.4529,b1691
0.4062,b1692
0.3973,b1693
0.3895,b1694
0.4855,b1695
0.3011,b1696
0.3333,b1697
0.4660,b1698
0.3796,b1699
0.4211,b1700
0.4000,b1701
0.5434,b1702
0.3814,b1703
0.3879,b1704
0.4706,b1705
0.4245,b1706
0.3286,b1707
0.4490,b1708
0.4118,b1709
0.3400,b1710
0.4796,b1711
0.5000,b1712
0.5950,b1713
0.6637,b1714
0.4545,b1715
0.7679,b1716
0.6522,b1717
0.5345,b1718
0.6098,b1719
0.4712,b4494
0.3750,b4535
0.4483,b1722
0.3793,b1723
0.4583,b1724
0.5114,b1725
0.3881,b1726
0.4630,b1727
0.4590,b1728
0.5232,b1729
0.3171,b1730
0.2609,b1731
0.5076,b1732
0.5135,b1733
0.4130,b1734
0.3163,b1735
0.3636,b1736
0.4023,b1737
0.2903,b1738
0.7097,b1739
0.3605,b1740
0.3333,b1741
0.4138,b1742
0.6170,b1743
0.4186,b1744
0.4031,b1745
0.3947,b1746
0.3274,b1747
0.4345,b1748
0.4301,b1749
0.3736,b1750
0.4531,b1751
0.3409,b1752
0.3585,b1753
0.3197,b1754
0.3577,b1755
0.3968,b1756
0.4839,b1757
0.3125,b1758
0.3421,b1759
0.3500,b1760
0.4968,b1761
0.4059,b1762
0.4505,b1763
0.4569,b1764
0.5000,b1765
0.4804,b1766
0.3846,b1767
0.4603,b1768
0.3879,b1769
0.3714,b1770
0.4545,b1771
0.3400,b1772
0.4884,b1773
0.3694,b1774
0.3871,b1775
0.4876,b1776
0.4800,b1777
0.4583,b1778
0.8125,b1779
0.4667,b1780
0.3421,b1781
0.6630,b1782
0.4866,b1783
0.4286,b1784
0.3869,b1785
0.4061,b1786
0.4423,b1787
0.3636,b1788
0.2444,b1789
0.2623,b1790
0.4878,b1791
0.3448,b1792
0.5455,b1793
0.3208,b1794
0.2941,b4676
0.1667,b4675
0.3784,b1795
0.3846,b1796
0.5897,b1797
0.4198,b1798
0.3077,b1799
0.4444,b1800
0.4651,b1801
0.5154,b1802
0.3976,b1803
0.4388,b1804
0.4734,b1805
0.3692,b1806
0.4930,b1807
0.4817,b1808
0.5128,b1809
0.5000,b1810
0.6429,b1811
0.3546,b1812
0.5156,b1813
0.5127,b1814
0.3964,b1815
0.5316,b1816
0.4896,b1817
0.7027,b1818
0.7196,b1819
0.5574,b1820
0.4559,b1821
0.3382,b1822
0.7000,b1823
0.4286,b1824
0.5000,b1825
0.5000,b1826
0.3333,b4536
0.3467,b1827
0.4688,b1828
0.6421,b1829
0.5727,b1830
0.5652,b1831
0.3404,b1832
0.4135,b1833
0.4624,b1834
0.4186,b1835
0.5000,b1836
0.5455,b1837
0.3396,b1838
0.3235,b1839
0.3855,b1840
0.6296,b1841
0.4583,b1842
0.4571,b1843
0.3816,b1844
0.3932,b1845
0.4237,b1846
0.4194,b1847
0.3529,b1848
0.3828,b1849
0.7424,b1850
0.5543,b1851
0.4314,b1852
0.3291,b1853
0.5577,b1854
0.4019,b1855
0.5034,b1856
0.5000,b1857
0.3881,b1858
0.4557,b1859
0.4530,b1860
0.3594,b1861
0.2500,b4677
0.4769,b1862
0.4386,b1863
0.7284,b1864
0.5122,b1865
0.6950,b1866
0.4730,b1867
0.4304,b1868
0.3958,b1869
0.4565,b1870
0.4022,b1871
0.4350,b1872
0.4149,b1873
0.4247,b1874
0.4043,b1875
0.6222,b1876
0.4884,b1877
0.3871,b1878
0.3941,b1879
0.4510,b1880
0.4528,b1881
0.3611,b1882
0.5060,b1883
0.4941,b1884
0.3691,b1885
0.3988,b1886
0.4130,b1887
0.3605,b1888
0.3571,b1889
0.4894,b1890
0.4255,b1891
0.3333,b1892
0.3889,b1893
0.4375,b1894
0.3438,b1895
0.4452,b1896
0.4697,b1897
0.4800,b4460
0.3765,b1900
0.4343,b1901
0.4651,b1902
0.4286,b4537
0.5000,b4663
0.3226,b1904
0.4490,b1905
0.3636,b1906
0.4419,b1907
0.4792,b1908
0.5000,b1912
0.4202,b1913
0.5484,b1914
0.3750,b1915
0.4225,b1916
0.4795,b1917
0.4211,b1918
0.3366,b1919
0.4154,b1920
0.3333,b1921
0.3871,b1922
0.6012,b1923
0.4818,b1924
0.2778,b1925
0.2800,b1926
0.3876,b1927
0.4688,b1928
0.4593,b1929
0.3913,b1930
0.4110,b1931
0.4286,b1932
0.2549,b4495
0.3636,b1936
0.3478,b1937
0.4512,b1938
0.3670,b1939
0.3878,b1940
0.3333,b1941
0.3590,b1942
0.4302,b1943
0.3953,b1944
0.4138,b1945
0.4750,b1946
0.4571,b1947
0.4595,b1948
0.4194,b1949
0.4146,b1950
0.4127,b1951
0.5263,b1952
0.5294,b1953
0.4133,b1955
0.4302,b1956
0.5385,b1957
0.3699,b1958
0.3451,b1959
0.2826,b1960
0.4497,b1961
0.3684,b1962
0.3902,b1963
0.6593,b4496
0.5208,b1967
0.3676,b1968
0.3036,b1969
0.4048,b1970
0.3839,b1971
0.4107,b1972
0.3768,b1973
0.4833,b1974
0.4634,b1976
0.4671,b1978
0.4211,b4497
0.4037,b1981
0.3832,b1982
0.4824,b1983
0.4062,b1985
0.3837,b1987
0.4217,b1988
0.4327,b1990
0.5413,b1991
0.4267,b1992
0.3191,b1993
0.3000,b4639
0.4220,b1994
0.4167,b4640
0.6667,b4641
0.4444,b4582
0.5600,b1996
0.2857,b1997
0.3725,b1999
0.4344,b2000
0.4813,b2001
0.4200,b2002
0.5333,b2003
0.3529,b2004
0.4211,b2005
0.4375,b2006
0.5833,b4642
0.2727,b4538
0.6486,b2007
0.4860,b2008
0.4400,b2009
0.4882,b2010
0.3526,b2011
0.2857,b2012
0.4386,b2013
0.6335,b2014
0.5000,b4678
0.3023,b2015
0.3457,b2016
0.4545,b4539
0.5200,b2017
0.3333,b2018
0.4583,b2019
0.4264,b2020
0.3866,b2021
0.4454,b2022
0.5000,b2023
0.3889,b2024
0.4368,b2025
0.3265,b2026
0.4787,b2027
0.4861,b2028
0.6486,b2029
0.3478,b4571
0.4220,b2030
0.3761,b2032
0.3429,b2033
0.3511,b2034
0.3206,b2035
0.3622,b2036
0.3969,b2037
0.2807,b2038
0.5096,b2039
0.4632,b2040
0.4309,b2041
0.5222,b2042
0.4302,b2043
0.3607,b2044
0.3308,b2045
0.5000,b2046
0.4586,b2047
0.3882,b2048
0.3429,b2049
0.3893,b2050
0.3673,b2051
0.4600,b2052
0.5702,b2053
0.3654,b2054
0.3721,b2055
0.3893,b2056
0.3740,b2057
0.4242,b2058
0.5638,b2059
0.4311,b2060
0.4894,b2061
0.4198,b2062
0.4359,b2063
0.4231,b2064
0.5167,b2065
0.5231,b2066
0.3820,b2067
0.3038,b2068
0.5344,b2069
0.3770,b2070
0.3333,b2071
0.3676,b2072
0.4324,b2073
0.8000,b4667
0.8333,b4668
0.3833,b2074
0.4416,b2075
0.4031,b2076
0.4184,b2077
0.3816,b2078
0.4400,b2079
0.3947,b2080
0.5159,b2081
0.4444,b2082
0.4706,b2083
0.5882,b2085
0.3232,b2086
0.3415,b4498
0.5000,b2088
0.4651,b2089
0.3853,b2091
0.4198,b2092
0.3667,b2093
0.4211,b2094
0.3130,b2095
0.3780,b2096
0.5000,b2097
0.4880,b2098
0.4057,b2099
0.3750,b2100
0.3836,b2101
0.3936,b2102
0.4648,b2103
0.4058,b2104
0.6667,b2105
0.3059,b2106
0.4634,b2107
0.3830,b2108
0.3463,b2109
0.2927,b2110
0.5273,b2111
0.3939,b2112
0.5208,b2113
0.5485,b2114
0.3972,b4499
0.4277,b2118
0.5484,b4541
0.4453,b2119
0.3399,b2120
0.3725,b2121
0.3802,b2122
0.5306,b2123
0.3793,b2124
0.3492,b2125
0.4046,b2126
0.4267,b2127
0.3889,b4542
0.4444,b2128
0.3571,b2129
0.4404,b2130
0.4778,b2131
0.4720,b2132
0.4402,b2133
0.3721,b2134
0.4194,b2135
0.2833,b2136
0.3714,b2137
0.4254,b2139
0.2222,b4679
0.4719,b2140
0.3095,b2141
0.4051,b2142
0.5114,b2143
0.4091,b2144
0.2941,b2145
0.3704,b2146
0.4240,b2147
0.5252,b2148
0.4528,b2149
0.6000,b2150
0.3966,b2151
0.3780,b2152
0.5000,b2153
0.3827,b2154
0.5869,b2155
0.5876,b2156
0.4267,b2157
0.6036,b2158
0.4600,b2159
0.4018,b2160
0.4865,b2161
0.4404,b2162
0.3333,b2163
0.4516,b2164
0.4369,b2165
0.3469,b2166
0.5580,b2167
0.4949,b2168
0.4579,b2169
0.3691,b2170
0.4444,b4502
0.5167,b2171
0.3475,b2172
0.3667,b2173
0.3494,b2174
0.5224,b2175
0.3312,b2176
0.3874,b2177
0.4140,b2178
0.4286,b2179
0.3403,b2180
0.4706,b2181
0.4015,b2182
0.5205,b2183
0.3960,b2184
0.8286,b2185
0.4490,b2186
0.4348,b2187
0.4752,b2188
0.4201,b2190
0.4220,b2192
0.3016,b2193
0.4587,b2194
0.3051,b2195
0.4203,b2196
0.4118,b2197
0.5000,b2198
0.3590,b2199
0.4483,b2200
0.4107,b2201
0.4754,b2202
0.3947,b2203
0.4026,b2204
0.4143,b2205
0.6044,b2206
0.4211,b2207
0.3818,b2208
0.3125,b4604
0.4419,b2209
0.4437,b2210
0.4663,b2211
0.3889,b2212
0.4202,b2213
0.3579,b2214
0.8402,b2215
0.4246,b2216
0.5538,b2217
0.4493,b2218
0.4155,b2219
0.3724,b2220
0.4658,b2221
0.4658,b2222
0.5663,b2223
0.4697,b2224
0.4430,b2225
0.4135,b2226
0.4558,b4500
0.3226,b2229
0.3734,b2230
0.6633,b2231
0.3151,b2232
0.4148,b2233
0.6008,b2234
0.5526,b2235
0.2800,b2236
0.4085,b2237
0.2632,b2238
0.5000,b2239
0.5060,b2240
0.4233,b2241
0.3672,b2242
0.4522,b2243
0.3933,b2244
0.3333,b4543
0.4070,b2245
0.3769,b2246
0.4409,b2247
0.3929,b2248
0.5086,b2249
0.5278,b2250
0.3542,b2251
0.4925,b2252
0.3507,b2253
0.3305,b2254
0.3445,b2255
0.3981,b2256
0.3859,b2257
0.4444,b4544
0.2941,b2258
0.3529,b2259
0.4500,b2260
0.3125,b2261
0.6337,b2262
0.4568,b2263
0.3944,b2264
0.4500,b2265
0.4231,b2266
0.5000,b2267
0.3846,b2268
0.3421,b2269
0.4286,b2270
0.3694,b2271
0.2273,b2272
0.3871,b2273
0.4524,b2274
0.4138,b2275
0.6025,b2276
0.5434,b2277
0.5468,b2278
0.5676,b2279
0.6462,b2280
0.5968,b2281
0.6429,b2282
0.6551,b2283
0.5921,b2284
0.6522,b2285
0.5377,b2286
0.5385,b2287
0.4355,b2288
0.5000,b2289
0.5929,b2290
0.4630,b2291
0.4343,b2292
0.3793,b2293
0.4127,b2294
0.3800,b2295
0.6929,b2296
0.7284,b2297
0.3936,b2298
0.4082,b2299
0.4643,b2300
0.4068,b2301
0.3636,b2302
0.5556,b2303
0.3587,b2304
0.3067,b2305
0.4333,b2306
0.4286,b2307
0.5765,b2308
0.4588,b2309
0.6000,b2310
0.3019,b2311
0.4811,b2312
0.5000,b2313
0.3818,b2314
0.3966,b2315
0.5412,b2316
0.4643,b2317
0.4675,b2318
0.5577,b2319
0.4167,b2320
0.4533,b2321
0.4046,b2322
0.5379,b2323
0.3226,b2324
0.5000,b2325
0.3333,b2326
0.3608,b2327
0.4306,b2328
0.3906,b2329
0.4706,b2330
0.2619,b2331
0.5070,b2332
0.4074,b2333
0.5510,b2334
0.4182,b2335
0.6143,b2336
0.4452,b4661
0.5075,b2339
0.4773,b2340
0.4534,b2341
0.4519,b2342
0.6000,b2343
0.5635,b2344
0.4701,b2345
0.6250,b2346
0.4257,b2347
0.5304,b2349
0.6667,b2350
0.4574,b2351
0.2409,b2352
0.6000,b2353
0.5000,b2354
0.4194,b2355
0.4194,b2356
0.5778,b2357
0.5185,b2358
0.5278,b2359
0.4706,b2360
0.4545,b2361
0.5714,b2362
0.6333,b2363
0.3333,b4545
0.4762,b4501
0.4051,b2364
0.4067,b2365
0.4161,b2366
0.3401,b2367
0.4144,b2368
0.5195,b2369
0.4160,b2370
0.3704,b2371
0.4762,b2372
0.4118,b2373
0.5105,b2374
0.4630,b2375
0.3333,b2376
0.3750,b2377
0.4037,b2378
0.3333,b4680
0.4375,b2379
0.3676,b2380
0.3611,b2381
0.3646,b2382
0.4183,b2383
0.2857,b2384
0.3204,b2385
0.5443,b2386
0.4865,b2387
0.3793,b2388
0.3770,b2389
0.4783,b2390
0.4435,b2392
0.6000,b2393
0.4545,b2394
0.3909,b2395
0.2903,b2398
0.4783,b2399
0.6090,b2400
0.3544,b2405
0.3529,b2406
0.4886,b2407
0.5143,b2408
0.3797,b2409
0.4804,b2410
0.3684,b4546
0.5078,b2411
0.6196,b2412
0.4556,b2413
0.4690,b2414
0.5000,b2415
0.6269,b2416
0.6415,b2417
0.3671,b2418
0.3846,b2419
0.5070,b2420
0.3895,b2421
0.4545,b2422
0.3778,b2423
0.3976,b2424
0.4673,b2425
0.4118,b2426
0.3175,b2427
0.3232,b2428
0.3825,b2429
0.3209,b2430
0.4737,b2431
0.4839,b2432
0.4348,b2433
0.4783,b2434
0.4368,b2435
0.3540,b2436
0.3936,b2437
0.4889,b2438
0.4328,b2439
0.4444,b2440
0.5325,b2441
0.4123,b2442
0.6207,b2443
0.3529,b2444
0.4839,b2445
0.4333,b2446
0.5536,b2447
0.6176,b2448
0.5625,b2449
0.5556,b2450
0.4155,b2451
0.5590,b2452
0.3608,b2453
0.4189,b2454
0.3786,b2455
0.2273,b2456
0.4828,b2457
0.3636,b2458
0.3333,b2459
0.3971,b2460
0.3171,b2461
0.3611,b2462
0.5167,b2463
0.3750,b2464
0.4455,b2465
0.3913,b2466
0.4697,b2467
0.4485,b2468
0.3860,b2469
0.4586,b2470
0.6667,b4606
0.5952,b2471
0.3934,b2472
0.3750,b4547
0.4444,b2473
0.4576,b2474
0.4684,b2475
0.6533,b2476
0.6105,b2477
0.4943,b2478
0.3846,b2479
0.4565,b2480
0.4035,b2481
0.4019,b2482
0.3295,b2483
0.3576,b2484
0.4590,b2485
0.4562,b2486
0.3548,b2487
0.3922,b2488
0.3810,b2489
0.3429,b2490
0.3955,b2491
0.2917,b2492
0.3917,b2493
0.4238,b2494
0.4483,b2495
0.4821,b2496
0.5200,b2497
0.6780,b2498
0.4860,b2499
0.3684,b2500
0.4163,b2501
0.4052,b2502
0.3898,b2503
0.6500,b2504
0.3774,b2505
0.3958,b2506
0.5640,b2507
0.6264,b2508
0.4198,b2509
0.5714,b2510
0.5617,b2511
0.4956,b2512
0.4127,b2513
0.5621,b2514
0.5433,b2515
0.4535,b2516
0.5984,b2517
0.5593,b2518
0.3777,b2519
0.4949,b2520
0.3415,b2521
0.4085,b2522
0.5000,b2523
0.3846,b2524
0.6774,b2525
0.4709,b2526
0.3902,b2527
0.4839,b2528
0.5854,b2529
0.6549,b2530
0.4314,b2531
0.3514,b2532
0.6909,b2533
0.4174,b2534
0.4065,b2535
0.3760,b2536
0.3553,b2537
0.4412,b2538
0.4375,b2539
0.3714,b2540
0.2947,b2541
0.4122,b2542
0.3621,b2543
0.3974,b2544
0.4571,b2545
0.4188,b2546
0.3684,b2547
0.4074,b2548
0.4303,b2549
0.3419,b2550
0.7051,b2551
0.5188,b2552
0.3158,b2553
0.3770,b2554
0.3519,b2555
0.4048,b2556
0.5060,b2557
0.4061,b2558
0.4043,b2559
0.3833,b2560
0.4500,b2561
0.4118,b2562
0.7778,b4687
0.3810,b2563
0.4337,b2564
0.4400,b2565
0.5789,b2566
0.4366,b2567
0.5000,b2568
0.5503,b2569
0.5227,b2570
0.5294,b2571
0.4792,b2572
0.5172,b2573
0.3184,b2574
0.4839,b2575
0.4604,b2576
0.4133,b2577
0.2963,b2578
0.6316,b2579
0.3582,b2580
0.5238,b2581
0.4545,b2582
0.3816,b2583
0.4023,b2584
0.4724,b2585
0.3077,b2586
0.4823,b2587
0.5725,b2592
0.3780,b2593
0.5263,b2594
0.4643,b2595
0.4857,b2597
0.5000,b2598
0.3981,b2599
0.4423,b2600
0.4107,b2601
0.3030,b2602
0.4286,b2603
0.4453,b2604
0.3800,b2605
0.7955,b2606
0.4394,b2607
0.5870,b2608
0.6486,b2609
0.5489,b2610
0.4468,b2611
0.4060,b4461
0.5714,b2614
0.4674,b2615
0.5338,b2616
0.6765,b2617
0.3793,b2618
0.3913,b2619
0.5283,b2620
0.5794,b2622
0.3953,b2623
0.3000,b2624
0.4768,b2625
0.5667,b2626
0.5047,b2627
0.5586,b2628
0.6842,b2629
0.4909,b2630
0.5128,b2631
0.4000,b2632
0.4103,b2633
0.3194,b2634
0.3871,b2635
0.5526,b2636
0.4898,b2637
0.4211,b2638
0.3981,b2641
0.3295,b2642
0.4848,b4644
0.4545,b2643
0.4651,b2644
0.5238,b4548
0.5135,b2645
0.4483,b2646
0.4434,b2647
0.5294,b2648
0.3803,b2650
0.4609,b4462
0.4490,b2659
0.2980,b2660
0.3789,b2661
0.3931,b2662
0.3851,b2663
0.2500,b2664
0.3721,b2665
0.5455,b2666
0.2222,b2667
0.4912,b2668
0.6316,b2669
0.5227,b2670
0.3846,b2671
0.4118,b2672
0.4667,b2673
0.4737,b2674
0.3984,b2675
0.4500,b2676
0.2720,b2677
0.5041,b2678
0.4911,b2679
0.4457,b2681
0.3647,b2682
0.3500,b2683
0.4889,b2684
0.4750,b2685
0.4512,b2686
0.6458,b2687
0.4767,b2688
0.4286,b2689
0.4259,b2690
0.6111,b2696
0.5850,b2697
0.3276,b2698
0.7456,b2699
0.3889,b2700
0.5128,b2701
0.4085,b2702
0.4505,b2703
0.4250,b2704
0.5056,b2705
0.3947,b2706
0.3951,b2707
0.3187,b2708
0.3796,b2709
0.5374,b2710
0.3009,b2711
0.4676,b2712
0.6111,b2713
0.4167,b2714
0.4122,b2715
0.4393,b2716
0.4231,b2717
0.4054,b2718
0.5000,b2719
0.4630,b2720
0.5361,b2721
0.4444,b2722
0.4513,b2723
0.3621,b2724
0.4222,b2725
0.1818,b2726
0.4316,b2727
0.1724,b2728
0.4649,b2729
0.4259,b2730
0.4495,b2731
0.6667,b2732
0.4427,b2733
0.3750,b2734
0.3571,b2735
0.4505,b2736
0.4174,b2737
0.3729,b2738
0.4239,b2739
0.4460,b2740
0.5400,b2741
0.4872,b2742
0.3889,b2743
0.3544,b2744
0.4112,b2745
0.3529,b2746
0.4225,b2747
0.4516,b2748
0.4324,b2749
0.3509,b2750
0.4897,b2751
0.5253,b2752
0.3421,b2753
0.5000,b2754
0.5000,b2755
0.4200,b2756
0.4694,b2757
0.4811,b2758
0.4468,b2759
0.4218,b2760
0.4135,b2761
0.3896,b2762
0.5330,b2763
0.4516,b2764
0.4000,b2765
0.3967,b2766
0.4333,b2767
0.2951,b2768
0.4000,b2769
0.4167,b2770
0.3309,b2771
0.5486,b4463
0.4563,b2774
0.3750,b2775
0.4324,b2776
0.4098,b2777
0.1500,b4682
0.4141,b2778
0.8218,b2779
0.5668,b2780
0.5316,b2781
0.6000,b2782
0.4762,b2783
0.5799,b2784
0.3772,b2785
0.3908,b2786
0.5185,b2787
0.4150,b2788
0.5642,b2789
0.2558,b2790
0.3231,b2791
0.3913,b2792
0.3778,b2793
0.4828,b2794
0.5495,b2795
0.7244,b2796
0.5369,b2797
0.3281,b2798
0.5528,b2799
0.4098,b2800
0.4793,b2801
0.5163,b2802
0.3871,b2803
0.3953,b2804
0.3378,b2805
0.3866,b2806
0.4468,b2807
0.3929,b2808
0.4400,b2809
0.3475,b2810
0.3421,b2811
0.4189,b2812
0.4930,b2813
0.4655,b2817
0.4286,b2818
0.4192,b2819
0.4353,b2820
0.4742,b2821
0.4825,b2822
0.4400,b2823
0.3030,b2824
0.5098,b2825
0.3846,b2826
0.5366,b2827
0.4715,b2828
0.4469,b2829
0.5294,b2830
0.3729,b2831
0.4756,b2832
0.5000,b2833
0.4037,b2834
0.4058,b2835
0.3816,b2836
0.4661,b2837
0.4113,b2838
0.3944,b2839
0.3571,b2840
0.5321,b2841
0.4824,b2842
0.4023,b2843
0.4500,b2844
0.4296,b2845
0.4853,b2846
0.4767,b2847
0.3200,b2848
0.2857,b4683
0.2432,b2849
0.2857,b2850
0.3750,b2851
0.4426,b2852
0.5000,b2853
0.4423,b2854
0.4364,b2856
0.3065,b2858
0.3500,b2859
0.5600,b2860
0.2857,b2861
0.4138,b2863
0.5000,b2865
0.4515,b2866
0.3750,b2867
0.3250,b2868
0.3934,b2869
0.5968,b2870
0.5152,b2871
0.5620,b2872
0.3742,b2873
0.5049,b2874
0.4767,b2875
0.4262,b2876
0.2857,b2877
0.4846,b2878
0.5033,b2879
0.3488,b2880
0.5387,b2881
0.4034,b2882
0.4500,b2883
0.5061,b4464
0.3590,b2886
0.4130,b2887
0.4037,b2888
0.2667,b4684
0.3137,b2889
0.6667,b2890
0.4679,b2891
0.4703,b2892
0.5079,b2893
0.5000,b2894
0.5745,b2895
0.3793,b2896
0.5484,b2897
0.5000,b2898
0.3433,b2899
0.5000,b2900
0.4828,b2901
0.4286,b2902
0.5049,b2903
0.4643,b2904
0.4574,b2905
0.3333,b2906
0.4100,b2907
0.4641,b2908
0.7059,b2909
0.5172,b2910
0.4898,b2912
0.6000,b4665
0.4580,b2913
0.4795,b2914
0.3939,b2915
0.4737,b2916
0.5000,b2917
0.3663,b2918
0.4889,b2919
0.3953,b2920
0.2830,b2921
0.4648,b2922
0.3514,b2923
0.5217,b2924
0.8462,b2925
0.7795,b2926
0.4220,b2927
0.3500,b2928
0.3684,b2929
0.3483,b2930
0.3125,b4465
0.4573,b2933
0.3846,b2934
0.6996,b2935
0.3867,b2936
0.4906,b2937
0.5805,b2938
0.5000,b2939
0.6667,b2940
0.6439,b2942
0.5060,b2943
0.4364,b2944
0.4186,b2945
0.3867,b2946
0.5045,b2947
0.4194,b2948
0.4423,b2949
0.3134,b2950
0.5195,b2951
0.3793,b2952
0.2812,b2953
0.5000,b2954
0.4576,b2955
0.3827,b2956
0.5804,b2957
0.2836,b2958
0.5806,b2959
0.4930,b2960
0.3298,b2961
0.4643,b2962
0.4231,b2963
0.5405,b2964
0.3699,b2965
0.4074,b2966
0.4419,b2968
0.3718,b2969
0.5000,b2970
0.4000,b2971
0.3731,b2972
0.5430,b4466
0.4500,b2975
0.5042,b2976
0.4286,b2977
0.3689,b4467
0.4035,b4468
0.4855,b2979
0.4091,b2980
0.3934,b2981
0.4220,b2982
0.3534,b2983
0.2923,b2984
0.3143,b2985
0.4783,b2986
0.4103,b2987
0.5482,b2988
0.4343,b2989
0.4074,b2990
0.2609,b2991
0.3590,b2992
0.3478,b2993
0.5943,b2994
0.6043,b2995
0.5745,b2996
0.5878,b2997
0.2778,b2998
0.3596,b4658
0.4364,b3001
0.4043,b3002
0.4524,b3003
0.6364,b3005
0.5233,b3006
0.3438,b3008
0.3333,b3009
0.3854,b3010
0.4254,b3011
0.4368,b3012
0.2500,b3013
0.4074,b3014
0.4980,b4469
0.4765,b3017
0.4839,b3018
0.5531,b3019
0.4813,b3020
0.5405,b3021
0.3846,b3022
0.4259,b3023
0.4571,b3024
0.4571,b3025
0.4397,b3026
0.2727,b3027
0.4923,b3028
0.6296,b3029
0.5108,b3030
0.5273,b3031
0.5070,b3032
0.3750,b3033
0.3966,b3034
0.5494,b3035
0.5147,b3037
0.4957,b3038
0.4559,b3039
0.4026,b3040
0.4932,b3041
0.5789,b3042
0.5500,b3043
0.4481,b3046
0.2857,b3044
0.5600,b3045
0.4000,b3047
0.4087,b3048
0.3684,b3049
0.3803,b3050
0.4709,b3051
0.6000,b4664
1.0000,b4666
0.4681,b3052
0.3975,b3053
0.4370,b3054
0.3519,b3055
0.4370,b3056
0.4138,b3057
0.5294,b3058
0.4571,b3059
0.3415,b3060
0.3750,b3061
0.5161,b3062
0.4214,b3063
0.4571,b3064
0.7407,b3065
0.4333,b3066
0.6648,b3067
0.3617,b3068
0.4024,b3070
0.4603,b3071
0.3664,b3072
0.4225,b3073
0.5714,b3074
0.4426,b3075
0.4848,b3076
0.4694,b3077
0.4545,b3078
0.4565,b3079
0.4436,b3080
0.3699,b3081
0.3810,b3082
0.6429,b3083
0.4870,b3084
0.4255,b3085
0.4756,b3086
0.3646,b3087
0.4359,b3088
0.5000,b3089
0.3333,b3090
0.5740,b3091
0.5652,b3092
0.6485,b3093
0.5287,b3094
0.2222,b3095
0.4103,b3096
0.4054,b3097
0.4483,b3098
0.4194,b3099
0.4483,b3100
0.4082,b3101
0.4790,b3102
0.5208,b3103
0.4510,b3104
0.4478,b3105
0.2787,b3106
0.4118,b3107
0.4811,b4470
0.4097,b3110
0.4467,b4471
0.5641,b3113
0.4771,b3114
0.3431,b3115
0.5671,b3116
0.4914,b3117
0.4368,b3118
0.2069,b3119
0.2542,b3120
0.3600,b3121
0.3543,b3124
0.5529,b3125
0.4086,b3126
0.4481,b3127
0.3939,b3128
0.4857,b3129
0.4894,b3130
0.5584,b3131
0.3957,b3132
0.3922,b3133
0.3953,b3134
0.4545,b3135
0.5781,b3136
0.4205,b3137
0.5536,b3138
0.4516,b3139
0.4270,b3140
0.4531,b3141
0.5455,b3142
0.4366,b3143
0.4595,b3144
0.4054,b3145
0.3780,b3146
0.4744,b3147
0.3182,b3148
0.4242,b3149
0.4464,b3150
0.4624,b3151
0.3818,b3152
0.3269,b3153
0.4444,b3154
0.2609,b3155
0.3061,b3156
0.3421,b3157
0.4019,b3158
0.3929,b3159
0.3558,b3160
0.4406,b3161
0.6708,b3162
0.1111,b4685
0.5316,b3163
0.7085,b3164
0.7692,b3165
0.4752,b3166
0.6316,b3167
0.6931,b3168
0.6115,b3169
0.5417,b3170
0.5556,b3172
0.3625,b3173
0.7000,b3175
0.5449,b3176
0.5238,b3177
0.6920,b3178
0.4833,b3179
0.4400,b3180
0.5000,b3181
0.3916,b3182
0.5203,b3183
0.3956,b3184
0.7436,b3185
0.6923,b3186
0.5091,b3187
0.4000,b3188
0.5704,b3189
0.3103,b3190
0.6111,b3191
0.5286,b3192
0.4545,b3193
0.3889,b3194
0.4557,b3195
0.4660,b3196
0.4457,b3197
0.4032,b3198
0.3725,b3199
0.4912,b3200
0.4941,b3201
0.4958,b3202
0.3929,b3203
0.4545,b3204
0.6304,b3205
0.4074,b3206
0.4844,b3207
0.4416,b3208
0.3833,b3209
0.4510,b3210
0.4000,b3211
0.5028,b3212
0.5241,b3213
0.4691,b3214
0.4545,b3215
0.4792,b3216
0.3684,b4569
0.4220,b3218
0.4474,b3219
0.3925,b3220
0.5476,b3221
0.4000,b3222
0.3846,b3223
0.5161,b3224
0.5155,b3225
0.6333,b3226
0.3694,b3227
0.5179,b3228
0.6620,b3229
0.8276,b3230
0.7115,b3231
0.3125,b3232
0.3810,b3233
0.4562,b3234
0.5109,b3235
0.5962,b3236
0.5000,b3237
0.7600,b3238
0.2692,b3239
0.4051,b3240
0.5275,b3241
0.4500,b3242
0.3696,b3243
0.5163,b3244
0.4388,b4472
0.4564,b3247
0.4375,b3248
0.5000,b3249
0.5946,b3250
0.5758,b3251
0.4439,b3252
0.4433,b3253
0.5556,b4697
0.4783,b4646
0.6889,b3255
0.5615,b3256
0.2963,b3257
0.4583,b3258
0.5357,b3259
0.4038,b3260
0.6452,b3261
0.4804,b3262
0.3125,b3263
0.3768,b3264
0.4463,b3265
0.4985,b3266
0.5652,b3267
0.5000,b3268
0.3742,b3269
0.4505,b3270
0.4638,b3271
0.4364,b3279
0.2727,b3280
0.4624,b3281
0.4915,b3282
0.4423,b3283
0.4872,b3284
0.4412,b4473
0.4898,b3287
0.5610,b3288
0.4960,b3289
0.4479,b3290
0.4528,b3291
0.2632,b4550
0.4359,b3292
0.5000,b3293
0.6852,b3294
0.6429,b3295
0.7162,b3296
0.7321,b3297
0.6250,b3298
0.6923,b3299
0.6036,b3300
0.7391,b3301
0.6190,b3302
0.6522,b3303
0.7174,b3304
0.7463,b3305
0.6444,b3306
0.8108,b3307
0.7000,b3308
0.6842,b3309
0.6875,b3310
0.7917,b3311
0.7857,b3312
0.7500,b3313
0.7742,b3314
0.5789,b3315
0.6667,b3316
0.7589,b3317
0.7692,b3318
0.8136,b3319
0.7564,b3320
0.7576,b3321
0.4324,b3322
0.4144,b3323
0.4045,b3324
0.4600,b3325
0.3643,b3326
0.4050,b3327
0.4565,b3328
0.3913,b3329
0.5357,b3330
0.4510,b3331
0.4409,b3332
0.4526,b3333
0.5405,b3334
0.3600,b3335
0.3922,b3336
0.4737,b3337
0.5405,b3338
0.7810,b3339
0.8347,b3340
0.6774,b3341
0.8222,b3342
0.3636,b3343
0.3684,b3344
0.4688,b3345
0.5132,b3346
0.7250,b3347
0.5714,b3348
0.6667,b3349
0.1765,b4551
0.3734,b3350
0.3462,b3351
0.4398,b3352
0.3590,b3353
0.1765,b3354
0.4886,b3355
0.3226,b3356
0.5161,b3357
0.3763,b3358
0.4351,b3359
0.3818,b3360
0.5000,b3361
0.4000,b3362
0.6029,b3363
0.5507,b3364
0.5912,b3365
0.4828,b3366
0.5638,b3367
0.4044,b3368
0.6500,b3369
0.4313,b3370
0.4231,b3371
0.4070,b4474
0.4211,b3374
0.3947,b3375
0.3942,b3376
0.4558,b3377
0.3590,b3378
0.4574,b3379
0.4083,b3380
0.4860,b3381
0.5217,b3382
0.3671,b3383
0.5192,b3384
0.4500,b3385
0.4598,b3386
0.4231,b3387
0.5514,b3388
0.4528,b3389
0.4211,b3390
0.3448,b3391
0.5000,b3392
0.3438,b3393
0.2973,b3394
0.3729,b3395
0.5390,b3396
0.4565,b3397
0.4605,b3398
0.4516,b3399
0.2821,b3400
0.4598,b3401
0.3677,b3402
0.6138,b3403
0.4348,b3404
0.5921,b3405
0.3929,b3406
0.4936,b3407
0.3913,b3408
0.5817,b3409
0.3158,b3410
0.4156,b3411
0.3860,b3412
0.3137,b3413
0.5246,b3414
0.5817,b3415
0.3967,b3416
0.5178,b3417
0.4297,b3418
0.3854,b4475
0.5164,b3421
0.3520,b3422
0.3882,b3423
0.4043,b3424
0.3529,b3425
0.4320,b3426
0.3600,b3427
0.5861,b3428
0.4702,b3429
0.5328,b3430
0.4444,b3431
0.4906,b3432
0.4464,b3433
0.3750,b3434
0.5037,b4476
0.3125,b3437
0.4190,b3438
0.5333,b3439
0.3925,b3440
0.3396,b3441
0.4179,b3442
0.2778,b3443
0.4375,b3444
0.3889,b3445
0.1429,b4612
0.4333,b3446
0.4301,b3447
0.3684,b3448
0.4225,b3449
0.3469,b3450
0.5161,b3451
0.5470,b3452
0.4571,b3453
0.4286,b3454
0.4828,b3455
0.4759,b3456
0.4215,b3457
0.4553,b3458
0.4324,b3459
0.5093,b3460
0.6322,b3461
0.4783,b3462
0.4730,b3463
0.4697,b3464
0.3871,b3465
0.4074,b3466
0.3243,b3467
0.5429,b3468
0.3784,b3469
0.3333,b3470
0.5412,b3471
0.4583,b3472
0.4122,b3473
0.2941,b3474
0.4727,b3475
0.5198,b3476
0.4286,b3477
0.3205,b3478
0.3333,b3479
0.3286,b3480
0.4865,b3481
0.4504,b3482
0.3250,b3483
0.3235,b4552
0.4043,b3484
0.4017,b3485
0.4368,b3486
0.4043,b3487
0.4375,b3488
0.3824,b4660
0.3913,b3491
0.4602,b3492
0.5576,b3493
0.3056,b3494
0.5588,b3495
0.4767,b3496
0.3182,b3497
0.5794,b3498
0.5114,b3499
0.4497,b3500
0.5556,b4613
0.4828,b3501
0.3910,b3502
0.2857,b3503
0.3520,b3504
0.4220,b3505
0.4861,b3506
0.3571,b3507
0.4118,b3508
0.3548,b3509
0.6538,b3510
0.4179,b3511
0.3279,b3512
0.4118,b3513
0.4985,b3514
0.3824,b3515
0.2817,b3516
0.5529,b3517
0.4056,b3518
0.4688,b3519
0.3191,b3520
0.3667,b3521
0.4310,b3522
0.4562,b3523
0.4050,b3524
0.4384,b3525
0.4333,b3526
0.4924,b3527
0.5467,b3528
0.4322,b3529
0.4899,b3530
0.4836,b3531
0.5168,b3532
0.5641,b3533
0.4262,b3534
0.2381,b3535
0.4699,b3536
0.3478,b3537
0.4425,b3538
0.5385,b4453
0.3694,b3539
0.5155,b3540
0.4479,b3541
0.4653,b3542
0.4522,b3543
0.6025,b3544
0.4921,b3546
0.4929,b3547
0.3714,b3548
0.3208,b3549
0.3000,b3550
0.4042,b3551
0.4815,b3552
0.3778,b3553
0.5000,b3554
0.2941,b3555
0.8276,b3556
0.3500,b4647
0.2222,b4455
0.5000,b3557
0.4691,b3558
0.5972,b3559
0.6040,b3560
0.5357,b4553
0.3565,b3561
0.3571,b3562
0.3846,b3563
0.4831,b3564
0.5000,b3565
0.4528,b3566
0.3602,b3567
0.4532,b3568
0.2667,b3569
0.5455,b3570
0.4213,b3571
0.4138,b3572
0.4242,b3573
0.4146,b3574
0.3926,b3575
0.2807,b3576
0.3269,b3577
0.3922,b3578
0.5000,b3579
0.4040,b3580
0.4203,b3581
0.4074,b3582
0.3867,b3583
0.4545,b4648
0.4118,b4649
0.3875,b3584
0.4369,b3585
0.4486,b3586
0.3158,b3587
0.4220,b3588
0.4638,b3589
0.4157,b3590
0.3707,b3591
0.3333,b3592
0.4365,b3593
0.3976,b3594
0.3855,b3595
0.3182,b3596
0.4333,b4650
0.3333,b4651
0.2703,b4615
0.5789,b4652
0.4808,b3597
0.4250,b3598
0.6520,b3599
0.5520,b3600
0.4038,b3601
0.5000,b4554
0.2593,b3602
0.5000,b3603
0.3553,b3604
0.5118,b3605
0.3276,b3606
0.4947,b3607
0.4310,b3608
0.7111,b3609
0.3448,b3610
0.6122,b3611
0.6286,b3612
0.4545,b3613
0.4722,b3614
0.3009,b3615
0.5081,b3616
0.5145,b3617
0.4086,b3618
0.5600,b3619
0.4128,b3620
0.3793,b3621
0.2958,b3622
0.3000,b3623
0.3571,b3624
0.4023,b3625
0.3737,b3626
0.3419,b3627
0.3950,b3628
0.2857,b3629
0.3200,b3630
0.3871,b3631
0.4421,b3632
0.4565,b3633
0.3721,b3634
0.4394,b3635
0.8235,b3636
0.7500,b3637
0.4154,b3638
0.4589,b3639
0.4423,b3640
0.4762,b3641
0.3506,b3642
0.5147,b3643
0.5465,b3644
0.4800,b3645
0.2958,b3646
0.4130,b3647
0.3824,b3648
0.6364,b3649
0.4790,b3650
0.4133,b3651
0.4300,b3652
0.4812,b3653
0.4610,b3654
0.4211,b3655
0.4943,b3656
0.4907,b3657
0.4000,b4653
0.4031,b3659
0.3465,b3660
0.3478,b3661
0.4583,b4555
0.3740,b3662
0.4468,b3663
0.4000,b3664
0.3384,b3665
0.5215,b3666
0.3734,b3667
0.4470,b3668
0.3077,b3669
0.3929,b3670
0.4074,b3671
0.4000,b3672
0.6250,b4618
0.3387,b3673
0.3721,b3674
0.3590,b3675
0.4000,b3676
0.4918,b3677
0.4494,b3678
0.4519,b3679
0.3626,b3680
0.5119,b4556
0.4759,b3683
0.4286,b3684
0.4162,b3685
0.6000,b3686
0.5909,b3687
0.2692,b3688
0.3689,b3689
0.4522,b3690
0.4405,b3691
0.4104,b4478
0.3279,b4477
0.3556,b3693
0.4500,b4479
0.4308,b3696
0.4796,b3697
0.1875,b3698
0.5775,b3699
0.3645,b3700
0.5094,b3701
0.5364,b3702
0.6818,b3703
0.4390,b3704
0.3636,b4557
0.7112,b3705
0.4610,b3706
0.4444,b3707
0.4788,b3708
0.4382,b3709
0.4331,b3710
0.4932,b3711
0.3521,b3712
0.3750,b3713
0.5649,b3714
0.6032,b3715
0.5319,b3716
0.3968,b3717
0.4935,b3718
0.4470,b3719
0.4537,b3720
0.4041,b3721
0.4533,b3722
0.3205,b3723
0.5441,b3724
0.7011,b3725
0.4948,b3726
0.5276,b3727
0.6667,b3728
0.6082,b3729
0.5000,b3730
0.5238,b3731
0.7516,b3732
0.5114,b3733
0.7447,b3734
0.4545,b3735
0.6400,b3736
0.8333,b3737
0.6277,b3738
0.5556,b3739
0.4677,b3740
0.6056,b3741
0.4884,b3742
0.4902,b3743
0.5244,b3744
0.3969,b3745
0.4000,b3746
0.4767,b3747
0.4595,b3748
0.3963,b3749
0.5259,b3750
0.5333,b3751
0.4911,b3752
0.4343,b3753
0.4013,b3754
0.4167,b3755
0.3867,b4480
0.5556,b3764
0.3958,b3765
0.3750,b3766
0.8333,b4669
0.5906,b4488
0.3846,b3769
0.5577,b3770
0.5300,b3771
0.4534,b3772
0.2895,b3773
0.5750,b3774
0.5385,b3775
0.4898,b3777
0.4394,b3778
0.4026,b3779
0.4933,b3780
0.6875,b3781
0.6556,b3783
0.4514,b3784
0.4492,b3785
0.4811,b3786
0.4800,b3787
0.4775,b3788
0.4630,b3789
0.3684,b3790
0.5156,b3791
0.4351,b3792
0.3932,b4481
0.4545,b3793
0.4458,b3794
0.4358,b3795
0.3934,b3800
0.5060,b3801
0.4741,b3802
0.4706,b3803
0.4603,b3804
0.3168,b3805
0.5108,b3806
0.3636,b3807
0.5882,b4558
0.3579,b3809
0.3500,b3810
0.4651,b3811
0.4203,b3812
0.4826,b3813
0.3913,b4482
0.5900,b3816
0.3953,b3817
0.4286,b3818
0.3889,b3819
0.2653,b3820
0.5155,b3821
0.3618,b3822
0.3514,b3823
0.3692,b3824
0.4615,b3825
0.3529,b3826
0.3204,b3827
0.2564,b3828
0.5116,b3829
0.5000,b3830
0.6316,b3831
0.4296,b3832
0.5000,b3833
0.4179,b3834
0.4171,b3835
0.4583,b3836
0.6316,b3838
0.4675,b3839
0.3514,b4483
0.4038,b3842
0.4118,b3843
0.4605,b3844
0.4444,b3845
0.4398,b3846
0.6071,b3847
0.3542,b3848
0.3920,b3849
0.4262,b3850
0.3143,b3856
0.4545,b3857
0.4091,b3858
0.4722,b3859
0.5517,b3860
0.4444,b3861
0.4419,b3862
0.5078,b3863
0.5091,b3865
0.5263,b3866
0.5000,b3867
0.1111,b4686
0.4453,b3868
0.4623,b3869
0.6429,b3870
0.7317,b3871
0.3768,b3872
0.4356,b3873
0.4221,b3874
0.4316,b3875
0.3892,b3876
0.4603,b3877
0.4541,b3878
0.4270,b3879
0.4276,b3880
0.4848,b3881
0.4369,b3882
0.5062,b3883
0.4250,b3884
0.4667,b3885
0.4375,b3886
0.3810,b3887
0.3011,b3888
0.4286,b3889
0.4706,b3890
0.4157,b3891
0.5926,b3892
0.5152,b3893
0.5429,b3894
0.4110,b3895
0.4811,b3896
0.3350,b3897
0.3772,b3898
0.4713,b3899
0.3409,b3900
0.4118,b3901
0.4253,b3902
0.3810,b3903
0.3787,b3904
0.3067,b3905
0.3846,b3906
0.3759,b3907
0.6567,b3908
0.3838,b3909
0.4068,b3910
0.5109,b3911
0.4688,b3912
0.5278,b4484
0.3797,b3915
0.7302,b3916
0.5619,b3917
0.5190,b3918
0.8000,b3919
0.5185,b3920
0.3659,b3921
0.3103,b3922
0.3721,b3923
0.2500,b3924
0.3833,b3925
0.4942,b3926
0.5086,b3927
0.5556,b3928
0.4737,b3929
0.4176,b3930
0.6143,b3931
0.5469,b3932
0.5250,b3933
0.4242,b3934
0.3934,b3935
0.7308,b3936
0.4808,b3937
0.6250,b3938
0.4000,b3939
0.4858,b3940
0.4316,b3941
0.6183,b3942
0.4348,b3943
0.3710,b3944
0.5517,b3945
0.4262,b3946
0.4096,b3947
0.4961,b3949
0.4688,b3950
0.4899,b3951
0.4268,b3952
0.4000,b3953
0.3053,b3954
0.5051,b3955
0.4669,b3956
0.4390,b3957
0.3300,b3958
0.3857,b3959
0.4912,b3960
0.4286,b3961
0.4444,b3962
0.4306,b3963
0.4762,b3964
0.4911,b3965
0.4095,b3966
0.5063,b3967
0.4602,b3972
0.4854,b3973
0.5102,b3974
0.7836,b3980
0.4474,b3981
0.7167,b3982
0.7609,b3983
0.7375,b3984
0.6182,b3985
0.7895,b3986
0.7384,b3987
0.7905,b3988
0.5088,b3989
0.3982,b3990
0.3553,b3991
0.4706,b4407
0.4154,b3992
0.4194,b3993
0.3744,b3994
0.4000,b3995
0.4697,b3996
0.4037,b3997
0.3594,b3998
0.5455,b3999
0.6207,b4000
0.4444,b4001
0.4545,b4002
0.4068,b4003
0.3932,b4004
0.4593,b4005
0.4951,b4006
0.4545,b4011
0.2903,b4012
0.4466,b4013
0.4199,b4014
0.5072,b4015
0.4031,b4016
0.3644,b4017
0.2987,b4018
0.4856,b4019
0.4051,b4020
0.5679,b4021
0.3750,b4022
0.4400,b4023
0.4706,b4024
0.6216,b4025
0.4286,b4026
0.3167,b4027
0.4478,b4028
0.4375,b4029
0.5600,b4620
0.4884,b4030
0.4868,b4031
0.5446,b4032
0.4211,b4033
0.5985,b4034
0.5495,b4035
0.6721,b4036
0.5500,b4037
0.3626,b4038
0.4872,b4039
0.3011,b4040
0.5187,b4041
0.4146,b4042
0.5263,b4043
0.4286,b4044
0.4545,b4045
0.3421,b4046
0.3793,b4047
0.3134,b4048
0.4271,b4049
0.2400,b4050
0.3458,b4051
0.5584,b4052
0.4483,b4053
0.3759,b4054
0.3158,b4621
0.4432,b4055
0.3846,b4056
0.3333,b4057
0.4900,b4058
0.5692,b4059
0.5385,b4060
0.3512,b4061
0.2973,b4062
0.3478,b4063
0.6258,b4064
0.5196,b4065
0.3490,b4066
0.4725,b4067
0.3810,b4068
0.4605,b4069
0.5811,b4070
0.5278,b4071
0.3944,b4072
0.4946,b4073
0.3419,b4074
0.4483,b4075
0.4792,b4076
0.5143,b4077
0.3913,b4078
0.5565,b4079
0.3650,b4080
0.4028,b4081
0.3636,b4082
0.3143,b4622
0.4549,b4083
0.4124,b4084
0.5373,b4085
0.4965,b4086
0.4099,b4087
0.4128,b4088
0.4333,b4089
0.4000,b4090
0.2286,b4487
0.2333,b4092
0.4043,b4093
0.2931,b4094
0.2797,b4095
0.4074,b4096
0.2879,b4097
0.4021,b4098
0.3578,b4099
0.3774,b4100
0.2885,b4101
0.3600,b4102
0.4066,b4104
0.4762,b4105
0.4239,b4106
0.2941,b4107
0.6571,b4108
0.3793,b4109
0.3662,b4110
0.4686,b4111
0.5000,b4703
0.3667,b4112
0.3714,b4113
0.4483,b4114
0.5000,b4115
0.4179,b4116
0.4876,b4117
0.3368,b4118
0.3947,b4119
0.4407,b4120
0.3636,b4121
0.5652,b4122
0.6194,b4123
0.5405,b4124
0.4226,b4125
0.3913,b4126
0.2800,b4127
0.5000,b4128
0.4444,b4559
0.5330,b4129
0.4157,b4130
0.6411,b4131
0.6279,b4132
0.4861,b4133
0.6364,b4654
0.4706,b4135
0.3787,b4136
0.4211,b4137
0.7211,b4138
0.7202,b4139
0.4000,b4140
0.3401,b4141
0.4571,b4142
0.7705,b4143
0.5135,b4144
0.3924,b4145
0.4375,b4146
0.7302,b4147
0.5294,b4410
0.4286,b4411
0.3438,b4148
0.3968,b4149
0.4365,b4150
0.6667,b4151
0.4146,b4152
0.6456,b4153
0.5694,b4154
0.4409,b4155
0.4310,b4156
0.3704,b4157
0.4167,b4158
0.4371,b4159
0.5243,b4160
0.4746,b4161
0.4821,b4162
0.2857,b4670
0.4298,b4166
0.3871,b4167
0.3529,b4168
0.4643,b4169
0.4520,b4170
0.5063,b4171
0.6429,b4172
0.5804,b4173
0.5563,b4174
0.6838,b4175
0.4500,b4176
0.7055,b4177
0.4390,b4178
0.4940,b4179
0.4658,b4180
0.3333,b4181
0.3966,b4182
0.4304,b4183
0.3333,b4184
0.3855,b4185
0.5075,b4186
0.3841,b4187
0.4444,b4188
0.5200,b4189
0.4058,b4190
0.4000,b4191
0.5714,b4192
0.5135,b4193
0.5455,b4194
0.6087,b4195
0.4930,b4196
0.5185,b4197
0.4366,b4198
0.3030,b4199
0.7111,b4200
0.3750,b4201
0.7429,b4202
0.7719,b4203
0.5632,b4204
0.3333,b4205
0.3684,b4206
0.5571,b4207
0.5068,b4208
0.5085,b4209
0.3469,b4210
0.3889,b4211
0.4231,b4212
0.3843,b4213
0.5000,b4214
0.3608,b4215
0.3750,b4216
0.8095,b4217
0.5436,b4218
0.3580,b4219
0.4317,b4220
0.4591,b4221
0.3684,b4222
0.5714,b4224
0.2727,b4225
0.7736,b4226
0.4583,b4227
0.4012,b4485
0.4272,b4230
0.3710,b4231
0.5763,b4232
0.4406,b4233
0.5000,b4234
0.4060,b4235
0.4815,b4236
0.4314,b4237
0.5833,b4238
0.4385,b4239
0.4302,b4240
0.4831,b4241
0.8000,b4702
0.4139,b4242
0.6522,b4243
0.4151,b4244
0.4432,b4245
0.4286,b4246
0.4500,b4248
0.4330,b4249
0.4833,b4251
0.3409,b4252
0.2842,b4253
0.4688,b4254
0.5000,b4255
0.3750,b4256
0.3759,b4257
0.6075,b4258
0.4468,b4259
0.5542,b4260
0.5543,b4261
0.5495,b4262
0.3500,b4263
0.3421,b4264
0.3975,b4265
0.3696,b4266
0.4078,b4267
0.3396,b4268
0.4019,b4269
0.4595,b4271
0.2857,b4272
0.5600,b4273
0.4359,b4575
0.5000,b4277
0.4404,b4278
0.4225,b4279
0.3725,b4280
0.4000,b4655
0.5385,b4281
0.5143,b4282
0.5309,b4623
0.5294,b4284
0.5652,b4561
0.5278,b4286
0.4237,b4287
0.3068,b4288
0.4368,b4289
0.4176,b4290
0.4777,b4291
0.4271,b4292
0.4524,b4293
0.4286,b4294
0.4390,b4576
0.3980,b4295
0.4348,b4296
0.4229,b4297
0.5102,b4298
0.4219,b4299
0.4321,b4300
0.4091,b4301
0.3585,b4302
0.4217,b4303
0.5119,b4304
0.5517,b4565
0.4783,b4305
0.4706,b4656
0.3625,b4306
0.3200,b4307
0.4000,b4566
0.3824,b4657
0.4701,b4308
0.3663,b4309
0.4242,b4310
0.4211,b4311
0.4762,b4312
0.3857,b4313
0.5636,b4314
0.3448,b4315
0.3699,b4316
0.4426,b4317
0.3898,b4318
0.3611,b4319
0.3364,b4320
0.5298,b4321
0.6260,b4322
0.5105,b4323
0.5616,b4324
0.4270,b4325
0.4074,b4326
0.3333,b4327
0.3985,b4328
0.3878,b4329
0.4000,b4330
0.5500,b4331
0.3226,b4332
0.3434,b4333
0.3421,b4334
0.3684,b4335
0.3130,b4336
0.3427,b4337
0.3026,b4339
0.3333,b4340
0.5000,b4341
0.4375,b4342
0.4621,b4486
0.4103,b4345
0.4099,b4346
0.3429,b4347
0.4789,b4348
0.4487,b4349
0.4368,b4350
0.4416,b4351
0.4216,b4352
0.4643,b4353
0.6464,b4354
0.4341,b4355
0.4848,b4356
0.4455,b4357
0.4159,b4358
0.5141,b4359
0.4762,b4360
0.5556,b4361
0.4151,b4362
0.4909,b4363
0.3425,b4364
0.4667,b4365
0.3548,b4366
0.4462,b4367
0.2500,b4567
0.4206,b4371
0.4688,b4372
0.4286,b4373
0.3766,b4374
0.5472,b4375
0.5455,b4376
0.4400,b4568
0.4000,b4377
0.3562,b4378
0.3529,b4379
0.4419,b4380
0.6512,b4381
0.5182,b4382
0.6096,b4383
0.6277,b4384
0.4472,b4385
0.3429,b4386
0.4364,b4387
0.4021,b4388
0.4444,b4389
0.5263,b4390
0.6359,b4391
0.5000,b4392
0.3571,b4393
0.3692,b4394
0.4912,b4395
0.4271,b4396
0.4318,b4397
0.3065,b4398
0.3851,b4399
0.4320,b4400
0.6395,b4401
0.7857,b4402
0.3333,b4403
