position,A,T,G,C
1,28.19,27.62,22.18,22.01
2,26.11,26.78,23.06,24.05
3,27.27,27.34,23.96,21.44
4,26.27,28.82,22.94,21.97
5,26.74,28.10,22.20,22.96
6,26.48,26.71,24.95,21.85
7,27.22,28.68,21.97,22.13
8,25.51,28.43,23.01,23.06
9,27.57,25.30,24.63,22.50
10,28.45,27.04,21.85,22.66
11,26.55,27.31,22.13,24.00
12,27.27,26.46,23.59,22.69
13,27.18,28.68,21.11,23.03
14,27.29,28.17,21.30,23.24
15,26.71,26.41,24.33,22.55
16,26.76,28.38,22.50,22.36
17,26.23,29.10,22.20,22.48
18,26.92,26.23,24.35,22.50
19,28.38,28.61,21.46,21.55
20,27.20,27.80,22.59,22.41
21,26.00,26.83,24.63,22.55
22,27.20,27.45,21.81,23.54
23,26.34,27.96,22.29,23.40
24,27.08,26.69,24.07,22.15
25,27.82,28.87,20.25,23.06
26,27.04,27.34,22.50,23.13
27,26.62,26.23,23.80,23.36
28,26.74,27.99,21.90,23.38
29,26.81,27.73,22.92,22.55
30,26.16,27.18,23.38,23.29
31,27.01,27.99,22.45,22.55
32,26.74,27.38,22.36,23.52
33,26.50,26.44,23.50,23.56
34,27.99,28.52,21.64,21.85
35,24.88,29.35,23.38,22.38
36,25.95,26.18,23.82,24.05
37,26.60,28.91,22.06,22.43
38,24.49,29.03,22.52,23.96
39,25.72,26.27,24.26,23.75
40,26.60,28.45,23.40,21.55
41,25.09,29.05,22.27,23.59
42,26.34,27.41,22.85,23.40
43,27.36,28.03,22.27,22.34
44,26.23,27.18,23.19,23.40
45,26.55,26.67,23.50,23.29
46,27.38,27.36,22.94,22.31
47,25.63,27.92,22.08,24.38
48,27.66,25.95,23.15,23.24
49,26.55,27.45,22.36,23.63
50,26.62,27.38,22.69,23.31
51,26.44,27.36,23.61,22.59
52,26.85,28.13,21.71,23.31
53,25.76,28.31,22.59,23.33
54,27.20,25.58,24.19,23.03
55,28.06,27.27,21.25,23.43
56,26.55,28.24,22.20,23.01
57,26.78,26.04,25.05,22.13
58,26.90,27.38,22.59,23.13
59,25.07,28.26,23.89,22.78
60,28.17,25.63,23.15,23.06
61,28.06,27.75,21.62,22.57
62,25.74,27.75,22.94,23.56
63,27.69,25.81,22.66,23.84
64,28.43,28.22,22.06,21.30
65,25.25,29.35,21.74,23.66
66,26.92,27.22,22.96,22.89
67,26.92,29.10,20.30,23.68
68,27.71,27.62,21.85,22.82
69,25.88,27.89,22.45,23.77
70,26.83,29.40,21.13,22.64
71,25.95,29.95,21.27,22.82
72,26.92,26.81,23.63,22.64
73,28.75,27.94,19.93,23.38
74,27.64,28.66,20.76,22.94
75,27.80,27.73,21.02,23.45
76,28.91,29.88,19.03,22.18
77,27.82,29.81,19.58,22.78
78,28.66,27.87,20.76,22.71
79,30.12,29.00,18.03,22.85
80,28.77,32.34,17.78,21.11
81,30.56,28.91,19.33,21.20
82,30.81,31.04,16.78,21.37
83,30.81,30.21,17.55,21.44
84,33.77,28.40,18.29,19.54
85,34.35,28.91,16.85,19.88
86,33.87,28.29,18.96,18.89
87,35.42,24.03,21.94,18.61
88,36.69,22.71,22.64,17.96
89,35.74,18.22,31.57,14.47
90,37.01,11.13,40.00,11.85
91,33.24,11.67,48.15,6.94
92,28.24,10.12,55.90,5.74
93,36.50,12.87,42.48,8.15
94,37.06,19.03,32.73,11.18
95,33.89,24.61,26.85,14.65
96,33.47,28.01,20.69,17.82
97,35.60,24.81,17.73,21.85
98,41.97,16.97,22.89,18.17
99,25.95,33.43,13.82,26.81
100,27.18,31.04,15.49,26.30
101,89.51,2.13,8.03,0.32
102,0.53,98.87,0.30,0.30
103,0.35,0.51,98.59,0.56
104,49.07,14.79,20.23,15.90
105,36.76,18.24,16.55,28.45
106,32.96,31.62,16.18,19.24
107,41.81,14.38,22.52,21.30
108,42.25,25.32,13.08,19.35
109,30.81,28.89,21.00,19.31
110,35.23,21.04,19.95,23.77
111,30.53,35.09,12.73,21.64
112,32.13,29.07,17.06,21.74
113,35.05,19.61,22.87,22.48
114,30.14,34.79,12.66,22.41
115,27.06,32.11,18.08,22.75
116,32.69,19.24,22.64,25.44
117,27.38,36.67,13.50,22.45
118,25.00,31.69,21.20,22.11
119,28.43,18.47,27.43,25.67
120,26.88,35.12,15.35,22.66
121,23.45,30.35,20.83,25.37
122,28.68,18.47,28.15,24.70
123,27.18,34.10,16.97,21.76
124,23.36,29.17,21.44,26.04
125,26.71,16.90,31.27,25.12
126,25.19,33.61,17.57,23.63
127,21.62,28.26,24.56,25.56
128,25.49,17.57,31.76,25.19
129,24.35,33.84,18.08,23.73
130,20.05,27.64,25.83,26.48
131,24.05,17.57,32.89,25.51
132,24.07,35.28,17.15,23.52
133,20.12,26.64,27.34,25.93
134,23.45,17.18,34.00,25.39
135,23.31,34.10,19.21,23.40
136,19.75,27.99,26.00,26.30
137,24.70,17.73,33.89,23.70
138,23.82,35.53,17.66,23.01
139,19.38,27.43,27.92,25.30
140,24.72,17.13,33.26,24.91
141,23.43,33.94,18.54,24.12
142,19.14,26.60,27.52,26.76
143,24.14,18.19,33.68,24.00
144,24.35,33.03,18.80,23.84
145,19.40,27.01,26.57,27.04
146,23.98,18.15,33.73,24.17
147,24.00,33.52,18.03,24.47
148,18.75,27.69,26.74,26.85
149,24.86,17.52,34.56,23.08
150,23.68,33.26,17.82,25.25
151,18.94,28.68,26.92,25.49
152,24.54,17.52,34.54,23.43
153,24.68,32.96,19.03,23.36
154,18.77,28.01,26.44,26.81
155,23.98,17.18,33.84,25.02
156,24.38,33.38,18.73,23.54
157,17.80,27.36,27.31,27.55
158,23.19,17.45,34.98,24.40
159,24.56,31.97,19.14,24.35
160,19.58,26.60,26.83,27.01
161,23.73,16.69,36.74,22.87
162,25.00,32.06,17.94,25.02
163,19.26,27.04,27.64,26.09
164,22.99,16.94,36.04,24.05
165,26.11,32.45,17.08,24.38
166,18.38,28.50,27.08,26.06
167,24.42,16.55,35.00,24.05
168,27.27,31.00,16.94,24.81
169,19.05,27.27,28.06,25.65
170,22.96,16.41,36.34,24.31
171,26.78,31.34,17.43,24.47
172,18.73,26.97,28.94,25.39
173,25.14,16.76,34.19,23.94
174,27.57,30.12,18.45,23.89
175,19.31,26.92,28.40,25.39
176,24.88,16.30,34.91,23.94
177,27.29,30.53,19.14,23.06
178,18.98,27.13,27.50,26.41
179,26.64,15.63,34.03,23.73
180,28.96,29.84,17.85,23.38
181,19.56,26.41,26.97,27.08
182,24.77,15.97,34.98,24.31
183,28.98,29.91,18.31,22.82
184,18.75,28.40,26.13,26.74
185,24.12,17.73,34.14,24.03
186,26.99,31.92,17.80,23.31
187,17.66,27.94,28.19,26.23
188,23.59,17.06,35.23,24.14
189,29.05,30.76,17.48,22.73
190,18.68,27.87,27.38,26.09
191,25.14,15.86,34.86,24.17
192,28.94,29.19,18.29,23.61
193,19.63,27.18,27.06,26.16
194,24.84,15.88,33.75,25.56
195,27.69,32.11,16.88,23.36
196,19.05,26.27,27.20,27.50
197,23.73,16.39,35.58,24.33
198,28.29,29.51,18.94,23.29
199,19.19,27.55,27.15,26.13
200,26.09,15.56,34.93,23.45
201,28.80,30.00,18.17,23.06
202,18.29,28.15,26.94,26.64
203,25.69,16.76,35.14,22.43
204,0.00,0.00,0.00,0.02
205,0.02,0.00,0.00,0.00
206,0.00,0.02,0.00,0.00
207,19.28,25.93,28.33,26.46
208,26.02,15.63,34.33,24.03
209,30.56,29.84,18.56,21.04
210,18.75,25.93,29.40,25.93
211,26.16,15.90,34.24,23.70
212,29.91,28.80,18.94,22.36
213,18.33,27.82,29.05,24.79
214,25.09,15.90,35.30,23.70
215,29.12,30.42,18.82,21.64
216,18.68,26.57,29.42,25.32
217,24.88,15.00,34.70,25.42
218,31.62,29.03,17.38,21.97
219,19.70,26.69,27.73,25.88
220,26.04,15.02,34.68,24.26
221,30.05,28.59,19.75,21.62
222,19.79,25.86,27.64,26.71
223,27.69,14.44,34.54,23.33
224,29.31,30.44,18.84,21.41
225,19.68,26.71,28.45,25.16
226,24.79,15.95,34.58,24.68
227,29.56,30.51,17.82,22.11
228,18.87,26.62,28.61,25.90
229,25.67,15.44,34.12,24.77
230,28.66,30.74,18.33,22.27
231,19.51,26.27,28.56,25.65
232,25.88,15.51,34.79,23.82
233,29.79,29.72,17.15,23.33
234,19.07,26.46,28.73,25.74
235,25.12,15.79,35.07,24.03
236,31.09,29.28,18.61,21.02
237,19.38,25.63,27.73,27.27
238,25.02,15.07,35.51,24.40
239,29.33,30.00,19.05,21.62
240,19.10,27.11,29.33,24.47
241,25.35,15.56,35.02,24.07
242,30.14,29.77,18.45,21.64
243,19.33,27.08,28.47,25.12
244,25.28,16.18,35.19,23.36
245,29.84,30.16,17.55,22.45
246,19.77,25.60,29.98,24.65
247,25.28,15.51,35.12,24.10
248,30.30,31.39,17.96,20.35
249,20.72,25.97,28.06,25.25
250,26.67,16.85,33.03,23.45
251,30.88,30.09,17.18,21.85
252,20.76,24.77,28.87,25.60
253,25.86,15.46,34.56,24.12
254,29.79,29.49,18.10,22.62
255,19.40,26.39,28.82,25.39
256,25.49,14.91,35.74,23.87
257,30.23,29.40,17.06,23.31
258,19.68,26.16,29.10,25.05
259,25.28,15.51,35.44,23.75
260,30.60,28.33,18.29,22.75
261,19.10,26.69,28.94,25.25
262,24.12,14.91,35.44,25.51
263,30.90,29.88,17.48,21.71
264,20.67,25.72,29.54,24.05
265,27.08,14.65,34.54,23.70
266,30.81,29.54,18.26,21.37
267,19.77,26.06,29.12,25.02
268,25.79,15.81,33.66,24.72
269,31.46,28.91,18.45,21.16
270,18.50,25.97,30.49,25.02
271,24.65,14.91,35.49,24.93
272,31.27,29.56,18.19,20.95
273,19.07,27.69,29.98,23.24
274,24.79,15.35,34.81,25.02
275,31.46,29.31,18.15,21.06
276,20.23,26.83,28.63,24.28
277,24.84,15.07,35.25,24.81
278,30.00,29.68,18.36,21.94
279,20.72,25.23,28.68,25.35
280,26.06,16.20,33.06,24.65
281,31.76,29.00,17.75,21.46
282,21.11,26.76,28.47,23.63
283,26.46,16.02,33.52,23.98
284,30.63,29.86,17.87,21.62
285,22.01,25.79,28.03,24.14
286,25.25,16.23,31.71,26.78
287,29.58,31.55,17.57,21.27
288,21.37,25.49,30.37,22.75
289,26.94,16.16,32.80,24.07
290,31.34,29.21,18.17,21.25
291,21.39,24.49,31.41,22.69
292,27.99,15.83,31.90,24.26
293,31.53,28.38,17.78,22.29
294,21.97,25.60,31.06,21.34
295,27.41,15.76,33.45,23.36
296,34.19,26.85,18.66,20.28
297,23.03,25.14,30.97,20.83
298,26.88,16.50,32.31,24.28
299,34.40,27.06,18.36,20.16
300,23.24,24.10,29.95,22.69
301,29.24,14.75,32.41,23.59
302,34.14,24.72,19.21,21.90
303,22.43,24.24,33.10,20.21
304,25.16,14.79,33.75,26.27
305,40.81,21.13,20.49,17.55
306,27.45,24.79,26.37,21.37
307,0.30,99.03,0.49,0.16
308,70.90,0.23,28.54,0.30
309,92.15,0.37,7.20,0.25
310,22.31,39.77,20.97,16.92
311,24.42,27.08,24.63,23.84
312,32.25,24.26,21.30,22.18
313,28.45,27.48,21.55,22.50
314,27.48,29.77,22.15,20.58
315,30.28,25.63,21.99,22.08
316,30.51,27.57,22.22,19.68
317,27.66,26.78,23.29,22.25
318,27.55,26.50,22.62,23.31
319,27.41,25.56,22.82,24.19
320,27.62,25.37,23.36,23.63
321,26.76,25.63,24.28,23.31
322,27.01,25.83,25.67,21.46
323,24.86,25.86,24.88,24.38
324,27.82,23.36,25.46,23.33
325,26.46,26.78,24.44,22.29
326,26.71,25.00,25.09,23.17
327,28.19,24.21,24.91,22.66
328,28.45,26.92,22.87,21.74
329,28.36,25.25,23.84,22.52
330,26.48,25.72,24.31,23.47
331,26.20,27.22,23.29,23.26
332,26.11,26.20,23.03,24.63
333,25.32,25.05,25.58,24.03
334,25.25,26.57,24.28,23.87
335,23.59,25.37,24.81,26.20
336,23.66,24.86,26.62,24.84
337,24.70,27.20,23.61,24.47
338,23.10,25.79,25.97,25.12
339,24.40,24.98,25.35,25.25
340,24.26,28.38,22.34,25.00
341,23.59,26.90,25.12,24.38
342,23.94,27.82,23.13,25.09
343,24.86,27.99,22.36,24.77
344,23.38,27.89,24.24,24.47
345,23.87,27.41,24.05,24.65
346,24.07,29.93,22.22,23.75
347,22.13,29.65,24.24,23.96
348,24.12,26.34,24.38,25.14
349,24.47,30.83,22.06,22.62
350,22.87,28.43,24.98,23.70
351,24.93,27.43,24.79,22.82
352,24.47,29.75,22.64,23.13
353,24.19,27.36,24.12,24.31
354,24.75,27.69,24.07,23.47
355,25.14,29.44,21.50,23.89
356,24.79,27.92,23.33,23.94
357,24.58,27.64,23.56,24.19
358,23.77,29.79,22.66,23.75
359,23.61,27.71,23.96,24.70
360,25.56,27.04,24.58,22.80
361,24.40,28.91,22.04,24.63
362,24.31,27.11,24.84,23.73
363,24.79,27.34,23.43,24.42
364,25.28,29.79,22.29,22.62
365,24.35,28.19,23.66,23.77
366,25.12,27.66,23.89,23.31
367,25.88,28.63,22.36,23.10
368,24.98,27.94,22.69,24.38
369,24.93,27.31,24.17,23.56
370,24.44,28.33,23.03,24.17
371,25.00,26.53,23.29,25.16
372,24.10,27.96,24.05,23.87
373,25.60,28.36,22.59,23.43
374,24.81,27.20,22.45,25.51
375,24.44,26.60,24.88,24.05
376,25.51,28.38,23.13,22.96
377,23.80,27.38,23.96,24.84
378,24.14,27.31,24.40,24.12
379,25.97,27.04,22.22,24.75
380,25.25,26.81,24.33,23.59
381,26.04,25.30,23.61,25.02
382,25.07,27.99,22.92,24.00
383,26.20,25.69,24.93,23.15
384,25.95,25.02,24.44,24.56
385,26.46,27.27,22.62,23.63
386,24.95,27.99,23.38,23.66
387,26.92,25.28,24.58,23.19
388,26.37,27.78,22.57,23.26
389,24.05,26.50,24.75,24.68
390,24.19,26.88,24.26,24.65
391,25.05,27.04,23.43,24.47
392,24.33,25.39,25.93,24.33
393,24.95,25.93,23.56,25.53
394,26.18,26.64,22.96,24.19
395,24.28,26.16,25.09,24.44
396,24.86,25.39,25.19,24.54
397,24.86,27.38,22.82,24.91
398,24.54,26.50,24.63,24.31
399,26.97,25.16,23.31,24.54
400,26.60,27.43,22.66,23.29
401,24.38,26.64,25.05,23.91
402,25.02,26.37,23.73,24.86
403,25.97,27.52,22.52,23.96
404,26.62,25.51,24.17,23.68
405,25.69,26.25,23.50,24.54
406,24.95,26.85,23.91,24.26
407,25.53,26.30,23.73,24.42
408,25.30,26.92,24.38,23.38
409,26.62,26.46,22.31,24.58
